user_id,signup_date,first_purchase_date,avg_spin_amt,rtp_ratio,ggr_amt,logins_first_96h,total_bet_txn,max_purchase_amt_horly,max_redeem_amt_hourly,sum_redeem_txn,cnt_txn_total,sum_spin_sc,sum_spin_cc,max_eod_sc_balance,sum_bonus_wheel,sum_bonus_plinko,sum_offer_amt,sum_bonus_amt,sum_daily_mission,sum_leaderboard_reward,first_purchase_amt,days_of_activity,max_bet_amt,min_bet_amount,max_win_amt,avg_rounds_bet,avg_bet_amt,max_daily_games_unique,sum_bonus_promotion_bet_amount,signup_email_domain_gmail,signup_email_domain_icloud,signup_email_domain_other,signup_email_domain_privaterelay,signup_email_domain_yahoo,channel_app,channel_facebook,channel_google,channel_invite friend,channel_other,channel_sidelines,first_geo_region_california,first_geo_region_florida,first_geo_region_georgia,first_geo_region_illinois,first_geo_region_other,first_geo_region_texas,signup_platform_app,signup_platform_web,ln_total_bet_amt,ln_total_win_amt_sc,ln_total_win_amt_cc,ln_sum_redeem_amt,ln_sum_amt_total,ln_sum_sc_coin_total,time_diff_minutes,probability_positive_class,potential_vip_ind
717762,2024-08-17 21:23:29.827000+00:00,2024-09-25 16:08:28.050000+00:00,1.35,0.967,-488.0,44,11084,89.97,0.0,0,28,28,19,0.74,0.5,5.800000000000001,99.97,64.0,1.0,0.0,1.99,5.0,20.0,0.05,560.0,2216.8,2992.8900000000012,27.0,13401.69,0,0,0,1,0,1,0,0,0,0,0,0,0,0,0,1,0,1,0,9.613402595468044,9.58024738468364,18.20788657752204,-23.025850929940457,6.060804025186828,6.093569770045361,930.7495063888889,,0
572808,2024-07-14 01:17:55.931000+00:00,2024-09-26 04:42:09.650000+00:00,1.035,0.93,-1005.0,32,13786,149.98,0.0,0,11,30,1,690.76,0.15,0.0,0.0,85.0,0.0,0.0,19.99,4.0,100.0,0.2,320.5,3446.5,3567.125,8.0,2646.25,0,0,0,0,1,1,0,0,0,0,0,0,0,0,0,1,0,1,0,9.565844630930583,9.492808877375083,9.546812608597403,-23.025850929940457,6.824254097677313,6.87212810133909,1779.4038108333332,0.97665715,1
935286,2024-09-25 18:23:24.494000+00:00,2024-09-25 18:26:56.751000+00:00,2.162,0.929,-1266.0,30,8205,569.83,1000.0,2,95,26,0,1000.64,0.25,0.0,109.98,167.0,0.0,0.0,49.99,5.0,10.0,0.1,401.0,1641.0,3547.99,21.0,245.56999999999996,0,0,0,0,1,1,0,0,0,0,0,0,0,0,0,1,0,1,0,9.783577255863577,9.7095386595012,-23.025850929940457,7.313220387090368,7.862901272625003,7.9113240189633895,0.05896027777777778,,0
603389,2024-07-22 19:01:21.888000+00:00,2024-09-25 17:27:27.473000+00:00,27.769,0.849,-2161.0,15,514,570.95,0.0,0,18,9,2,0.58,0.25,0.0,170.99,140.0,0.0,0.0,99.99,3.0,600.0,0.1,2166.53,257.0,7136.625,25.0,459.05999999999995,0,0,0,0,1,0,0,1,0,0,0,0,0,1,0,0,0,0,1,9.566124919629775,9.401951975677239,17.831893578716663,-23.025850929940457,7.611258648617768,7.660585461703303,1558.4348847222223,,0
455005,2024-06-06 23:21:04.802000+00:00,2024-09-27 05:09:07.101000+00:00,0.984,1.27,1717.0,23,6465,59.97,2100.0,1,30,15,0,2160.88,0.0,7.2,29.97,114.0,8.0,20.0,5.99,3.0,400.0,0.05,2335.6,3232.5,3180.9349999999995,6.0,2719.709999999999,0,0,0,0,1,0,0,0,0,1,0,0,0,0,0,1,0,0,1,8.758098072309105,8.997023381479721,-23.025850929940457,7.649692623711562,5.597310230146055,5.7235851019527075,2693.8006386111115,,0
951077,2024-09-28 00:05:01.693000+00:00,2024-09-28 00:38:48.010000+00:00,0.865,1.226,1051.0,10,5367,64.94,881.86,5,14,10,0,4.13,0.5,29.0,94.96,164.0,0.0,0.0,23.99,2.0,5.0,0.05,804.16,2683.5,2321.7499999999986,5.0,2593.5,1,0,0,0,0,0,0,1,0,0,0,0,1,0,0,0,0,0,1,8.443331342817803,8.647168267838001,-23.025850929940457,7.257594915341146,5.322326819008876,5.517452896465109,0.5628658333333333,,0
944943,2024-09-27 04:27:47.498000+00:00,2024-09-27 04:31:14.725000+00:00,3.497,5.361,19293.0,13,1265,130.98,20000.0,1,11,10,0,0.7,0.25,0.0,104.97999999999999,83.0,0.0,0.0,23.99,3.0,25.0,0.5,20000.0,421.66666666666663,1474.7333333333331,16.0,1349.18,1,0,0,0,0,0,0,0,0,1,0,0,0,0,0,1,0,0,1,8.394799543202193,10.073989532524745,-23.025850929940457,9.903487552536133,6.437575634246744,6.541029999190048,0.057563055555555555,,0
808351,2024-09-04 23:18:16.802000+00:00,2024-09-26 21:50:47.011000+00:00,1.94,0.918,-1460.0,21,9203,369.95,0.0,0,23,20,1,24.6,0.5,0.0,8.99,119.0,0.0,15.0,8.99,4.0,6.0,0.1,639.8,2300.75,4462.7625,7.0,10315.989999999998,1,0,0,0,0,0,1,0,0,0,0,0,0,0,0,1,0,0,1,9.789814808047558,9.704548689918742,12.196022309676673,-23.025850929940457,7.1995065609595,7.246368080102532,526.5417247222223,0.99579346,1
942984,2024-09-26 23:02:53.563000+00:00,2024-09-27 22:45:13.590000+00:00,5.63,0.937,-1542.0,16,4315,209.95999999999998,0.0,0,24,14,4,105.98,0.5,41.000000000000014,117.96,570.0,105.0,300.0,23.99,3.0,18.0,0.1,677.85,1438.3333333333335,8097.200000000001,13.0,230.85,0,0,1,0,0,1,0,0,0,0,0,0,0,0,0,1,0,1,0,10.09790235701747,10.03227646736905,18.102148501001857,-23.025850929940457,6.884240971917172,6.965080345601501,23.705563055555555,0.98674446,1
932463,2024-09-25 05:04:44.620000+00:00,2024-09-25 05:13:13.278000+00:00,0.764,0.803,-737.0,14,4899,119.93999999999998,0.0,0,29,13,1,1.1,2.0,0.0,113.96000000000001,93.0,2.0,0.0,23.99,3.0,20.0,0.1,141.0,1224.75,935.3,13.0,2044.0700000000006,1,0,0,0,0,0,1,0,0,0,0,0,0,0,0,0,1,0,1,8.227108234348172,8.007700012884058,8.987196820661985,-23.025850929940457,6.467248314125254,6.573680166960785,0.14129388888888889,0.93167925,1
926876,2024-09-24 06:39:44.564000+00:00,2024-09-24 11:45:14.152000+00:00,0.841,1.045,646.0,57,17109,69.98,0.0,0,21,46,3,267.08,0.5,0.0,92.96,222.0,132.0,0.0,23.99,5.0,152.0,0.05,602.05,3967.3333333333335,3263.2416666666754,10.0,620.8000000000002,1,0,0,0,0,1,0,0,0,0,0,0,0,0,0,1,0,1,0,9.574219304763425,9.618202604684075,15.954222864232825,-23.025850929940457,5.729417732248357,5.880532986400979,5.091552222222222,,0
940144,2024-09-26 10:59:12.671000+00:00,2024-09-26 11:30:01.078000+00:00,3.843,1.203,1216.0,18,1555,149.98,1800.0,2,13,10,7,206.07,0.0,0.0,70.97,121.0,24.0,0.0,15.99,4.0,20.0,0.1,1072.5,388.75,1494.0874999999999,6.0,186.96,0,0,1,0,0,0,0,0,0,1,0,0,0,0,0,1,0,0,1,8.69550672681267,8.88086360986737,16.353377237364647,7.600902459542132,6.580458815896402,6.660575149839814,0.5134463888888888,0.97788644,1
732288,2024-08-20 17:01:37.686000+00:00,2024-09-25 21:33:21.724000+00:00,2.109,0.995,-37.0,14,3293,149.98,500.0,1,11,11,0,0.99,1.0,0.0,0.0,67.0,0.0,0.0,9.99,3.0,2.5,0.5,176.8,1097.6666666666665,2315.0,5.0,0.0,1,0,0,0,0,0,0,1,0,0,0,0,0,1,0,0,0,0,1,8.845777255188459,8.840435439266583,-23.025850929940457,6.214608098422392,6.152498624758893,6.192362489475077,868.5288994444445,,0
937470,2024-09-26 01:41:19.712000+00:00,2024-09-26 02:20:05.012000+00:00,2.314,0.633,-1146.0,4,1350,953.89,0.0,0,13,4,0,0.15,0.0,0.0,77.98,118.0,0.0,0.0,23.99,2.0,3.0,0.2,300.0,681.0,1563.4500000000003,2.0,580.9,1,0,0,0,0,1,0,0,0,0,0,0,0,0,0,1,0,1,0,8.047189562170534,7.590346945602616,-23.025850929940457,-23.025850929940457,6.935243978874607,7.017506142941346,0.6459166666666667,,0
941860,2024-09-26 19:06:16.259000+00:00,2024-09-26 19:13:05.744000+00:00,0.924,1.044,467.0,39,11583,49.99,0.0,0,4,37,5,550.09,0.25,0.0,50.98,110.0,0.0,0.0,19.99,4.0,200.0,0.2,544.2,2895.75,2675.7625000000007,39.0,170.86999999999998,1,0,0,0,0,1,0,0,0,0,0,0,1,0,0,0,0,1,0,9.278279354984384,9.320986892063255,14.483596307928849,-23.025850929940457,4.795459912432049,5.093750200807376,0.11374583333333334,,0
937555,2024-09-26 01:55:58.331000+00:00,2024-09-26 04:02:18.911000+00:00,3.764,1.649,9199.0,31,3765,499.96000000000004,10067.93,5,32,19,5,28.1,0.15,0.0,23.99,182.0,0.0,0.0,19.99,4.0,400.0,0.05,10000.0,951.5,3547.0249999999996,38.0,0.0,0,0,0,1,0,1,0,0,0,0,0,0,0,0,0,1,0,1,0,9.559094025166912,10.059294003674331,13.540218083158416,9.361251237840762,7.718098656375619,7.781138509845057,2.1057166666666665,,0
953267,2024-09-28 05:43:22.948000+00:00,2024-09-28 05:46:00.895000+00:00,7.485,0.706,-1750.0,4,795,636.94,0.0,0,15,4,1,0.0,0.5,20.00000000000001,643.95,187.0,0.0,0.0,99.99,1.0,400.0,0.2,604.4,795.0,5950.65,7.0,280.35,1,0,0,0,0,0,0,0,1,0,0,0,0,0,0,1,0,0,1,8.691314551644869,8.342839804271483,16.672440428637806,-23.025850929940457,7.354906008577473,7.433075348898639,0.043874166666666665,,0
939358,2024-09-26 07:01:45.919000+00:00,2024-09-26 07:04:49.140000+00:00,2.389,1.096,449.0,23,1965,133.95000000000002,546.29,3,13,9,7,0.11,0.25,0.0,23.99,62.0,0.0,0.0,23.99,4.0,190.0,0.1,288.0,655.0,1565.066666666667,12.0,0.0,1,0,0,0,0,1,0,0,0,0,0,0,0,0,0,1,0,1,0,8.454253391642384,8.545586265917475,16.878459326181723,6.684561726418011,5.665976759920649,5.817111159963502,0.05089472222222222,0.94475925,1
812524,2024-09-05 15:44:59.956000+00:00,2024-09-25 05:04:20.036000+00:00,1.237,1.093,1029.0,39,8989,199.99,1600.0,6,31,36,3,71.31,0.25,0.0,0.0,162.0,23.0,0.0,49.99,5.0,300.0,0.1,1719.5,1842.4,2344.16,27.0,0.0,0,0,0,0,1,0,0,0,0,1,0,0,0,0,0,1,0,0,1,9.316320695513424,9.404837504700279,17.10741377136595,7.9724660159746,7.663731708205455,7.709756864454209,469.3222444444445,0.9957898,1
941534,2024-09-26 17:43:39.451000+00:00,2024-09-26 17:47:43.097000+00:00,1.718,0.865,-499.0,21,2147,119.97,0.0,0,17,16,11,0.07,1.0,0.0,23.99,95.0,0.0,3.0,19.99,3.0,200.0,0.2,223.06,715.6666666666666,1229.2666666666669,2.0,0.0,0,0,0,1,0,0,0,0,1,0,0,0,0,0,0,1,0,0,1,8.212839584676512,8.067462667010089,20.11052689170817,-23.025850929940457,6.000993997324359,6.122492809514605,0.06767944444444444,0.9027001,1
925172,2024-09-24 01:30:54.555000+00:00,2024-09-27 19:43:19.024000+00:00,2.571,0.914,-808.0,21,3662,199.99,0.0,0,7,18,7,383.19,0.0,0.0,0.0,88.0,4.0,10.0,19.99,3.0,100.0,0.1,424.8,1226.0,3139.166666666666,16.0,0.0,1,0,0,0,0,1,0,0,0,0,0,0,0,0,0,1,0,1,0,9.150165648940122,9.060447282401578,16.680513224509898,-23.025850929940457,6.579153985061631,6.629363253437581,90.20679694444443,0.94714004,1
930571,2024-09-24 23:25:37.105000+00:00,2024-09-24 23:27:19.848000+00:00,5.894,0.805,-2248.0,7,1955,699.93,0.0,0,19,7,0,534.5,0.0,0.0,0.0,180.0,0.0,15.0,99.99,2.0,300.0,0.3,589.2,651.6666666666667,3840.8166666666675,28.0,1.96,1,0,0,0,0,0,0,0,0,1,0,0,0,0,0,1,0,1,0,9.352013530292338,9.134970064951418,-23.025850929940457,-23.025850929940457,7.635212094607125,7.685243607975879,0.02853972222222222,0.9957633,1
936622,2024-09-25 23:18:20.696000+00:00,2024-09-25 23:23:22.821000+00:00,0.953,0.951,-119.0,19,2570,75.97,163.0,3,16,14,0,55.41,0.15,0.0,113.97,77.0,3.0,0.0,19.99,3.0,7.2,0.25,153.63,642.5,612.2125,52.0,285.24,1,0,0,0,0,0,0,0,1,0,0,0,0,0,0,1,0,0,1,7.803435056952209,7.75362354655979,-23.025850929940457,5.863631175598381,5.9759447354501996,6.113682179832453,0.08392361111111112,,0
936432,2024-09-25 22:41:18.082000+00:00,2024-09-25 22:49:45.654000+00:00,1.924,1.004,30.0,31,3578,456.94,700.0,8,22,18,10,204.0,0.25,0.0,130.98,189.0,0.0,0.0,49.99,5.0,200.0,0.05,431.8,715.6,1376.66,31.0,111.24000000000002,1,0,0,0,0,1,0,0,0,0,0,0,0,0,0,0,1,1,0,8.836809882398379,8.84115897594528,18.39073274598399,7.625595072132502,7.512497384533725,7.5817196401253595,0.1409922222222222,,0
936951,2024-09-26 00:17:52.731000+00:00,2024-09-26 00:21:09.485000+00:00,18.594,0.878,-4639.0,35,2050,606.9399999999999,0.0,0,46,32,0,2.01,0.5,0.0,406.96000000000004,362.0,0.0,10.0,23.99,4.0,250.0,0.2,880.8,512.5,9529.2,15.0,2168.84,1,0,0,0,0,0,0,0,0,1,0,0,0,0,0,1,0,0,1,10.548415655825474,10.418643785662569,-23.025850929940457,-23.025850929940457,8.360899550420353,8.420902531097973,0.054653888888888884,,0
915414,2024-09-22 09:12:30.093000+00:00,2024-09-24 16:32:14.292000+00:00,1.536,0.877,-819.0,24,4318,79.96,0.0,0,27,19,0,0.57,2.0,0.0,106.96,222.0,36.0,5.0,15.99,4.0,10.0,0.1,636.75,944.2,1395.0700000000002,15.0,596.1299999999999,1,0,0,0,0,0,0,0,0,0,1,1,0,0,0,0,0,0,1,8.799510901368883,8.66768002469019,-23.025850929940457,-23.025850929940457,6.391464749785246,6.483107351457352,55.328944166666666,,0
939480,2024-09-26 07:36:49.466000+00:00,2024-09-26 07:40:43.895000+00:00,2.814,0.839,-1099.0,9,2423,470.97,0.0,0,10,5,3,1.08,0.25,0.0,194.98000000000002,134.0,0.0,0.0,99.99,2.0,15.0,0.3,400.0,1211.5,3409.15,46.0,0.4,0,1,0,0,0,0,0,1,0,0,0,0,0,0,0,1,0,0,1,8.827321452697863,8.65172408437386,11.238909583282263,-23.025850929940457,6.872024469026441,6.965080345601501,0.06511916666666667,,0
929608,2024-09-24 19:59:38.106000+00:00,2024-09-24 20:05:20.373000+00:00,6.34,0.846,-1258.0,4,1288,1023.89,0.0,0,11,3,0,4.36,1.0,0.0,23.99,233.0,0.0,80.0,99.99,3.0,36.0,1.0,497.5,644.0,4083.0499999999993,17.0,5725.249999999999,0,0,0,0,1,1,0,0,0,0,0,0,0,0,0,0,1,1,0,9.007734471879534,8.840435439266583,-23.025850929940457,-23.025850929940457,6.931364377954408,7.0121152943064695,0.09507416666666667,0.97290945,1
302374,2024-04-03 21:08:17.953000+00:00,2024-09-26 14:55:57.325000+00:00,2.527,0.934,-880.0,20,5267,179.88000000000005,0.0,0,46,15,2,0.32,0.0,10.899999999999999,65.97,179.0,0.0,75.0,14.99,4.0,7.5,0.1,918.0,1316.75,3327.9949999999994,12.0,1281.8200000000002,1,0,0,0,0,0,0,1,0,0,0,0,0,0,0,1,0,0,1,9.496421163060997,9.428029072607437,14.001159904850903,-23.025850929940457,6.551851466216894,6.625392368008089,4217.794269999999,0.94918656,1
957769,2024-09-28 20:38:36.294000+00:00,2024-09-28 20:41:13.078000+00:00,8.092,0.825,-2226.0,4,1569,1534.88,0.0,0,16,3,0,0.0,0.0,8.599999999999996,434.96000000000004,192.0,0.0,0.0,99.99,1.0,400.0,0.5,810.0,1569.0,12697.000000000002,9.0,3818.0,0,0,1,0,0,1,0,0,0,0,0,0,0,0,0,1,0,1,0,9.449121024069798,9.256364810287472,-23.025850929940457,-23.025850929940457,7.618172470707085,7.6866213349446655,0.04355111111111111,,0
956568,2024-09-28 16:05:39.601000+00:00,2024-09-28 16:08:08.243000+00:00,28.02,0.951,-1084.0,3,783,899.91,0.0,0,10,3,0,0.0,0.0,0.0,0.0,89.0,0.0,0.0,99.99,1.0,50.0,1.0,2108.0,783.0,21939.5,14.0,0.0,1,0,0,0,0,0,0,0,0,1,0,0,0,0,0,1,0,1,0,9.996066733829226,9.94534900663105,-23.025850929940457,-23.025850929940457,6.907655273981904,6.956545443151664,0.04128944444444444,,0
925098,2024-09-24 01:19:28.109000+00:00,2024-09-24 22:57:12.822000+00:00,0.897,0.908,-292.0,22,3554,69.96,200.0,1,18,15,2,62.13,0.15,0.0,133.95,127.0,6.0,10.0,23.99,5.0,2.0,0.2,232.8,712.4,638.02,18.0,104.44,1,0,0,0,0,0,0,0,1,0,0,0,0,0,0,1,0,0,1,8.066835314417368,7.97074039000713,12.894207284266574,5.298317366548536,5.896659239834345,6.098074282166465,21.629086944444445,0.91829175,1
930283,2024-09-24 22:27:27.976000+00:00,2024-09-24 22:34:09.279000+00:00,0.939,1.094,522.0,17,5914,199.99,675.0,3,5,14,2,233.4,1.0,0.0,189.97,163.0,25.0,0.0,24.99,5.0,2.0,0.05,460.0,1182.8,1110.5,8.0,3734.6799999999994,1,0,0,0,0,0,0,0,0,1,0,1,0,0,0,0,0,0,1,8.621913502186658,8.711937268208766,17.16798502319582,7.069023426578345,6.194303345082032,6.3473892096561855,0.11147305555555556,0.95849144,1
935858,2024-09-25 20:42:24.326000+00:00,2024-09-25 20:44:56.221000+00:00,2.329,0.685,-952.0,6,1299,419.94,0.0,0,18,6,4,0.16,0.5,0.0,23.99,89.0,0.0,0.0,23.99,3.0,10.0,0.2,269.8,433.0,1008.5999999999999,4.0,0.0,1,0,0,0,0,0,0,1,0,0,0,0,0,0,0,1,0,0,1,8.014996894348334,7.636752112435828,16.25552443886154,-23.025850929940457,6.761364413766435,6.843749949006331,0.04219305555555556,0.94593734,1
943534,2024-09-27 00:32:23.824000+00:00,2024-09-27 00:39:52.458000+00:00,6.725,0.922,-2253.0,24,4278,649.95,0.0,0,24,18,7,0.8,0.25,0.0,267.97,200.0,0.0,0.0,23.99,3.0,750.0,0.2,2600.0,1426.0,9589.849999999999,29.0,27.0,1,0,0,0,0,1,0,0,0,0,0,0,0,0,0,1,0,1,0,10.267088456545597,10.185541315729061,18.92864828729482,-23.025850929940457,7.622057113614528,7.6989361998134935,0.12462055555555555,0.99579346,1
830569,2024-09-08 18:41:01.038000+00:00,2024-09-25 15:22:14.859000+00:00,3.744,1.248,2455.0,24,2642,409.96000000000004,2000.0,3,18,14,8,2.0,0.5,0.0,109.98,185.0,4.0,0.0,49.99,5.0,200.0,0.1,1288.0,660.5,2472.7625,14.0,10677.470000000001,1,0,0,0,0,0,0,0,1,0,0,0,0,0,0,1,0,0,1,9.19938053173985,9.42108740295385,16.53357544428451,8.242756345714504,7.0560200996462195,7.105786129481354,404.6871725,0.9957898,1
928297,2024-09-24 14:13:46.214000+00:00,2024-09-24 14:17:58.061000+00:00,2.208,0.936,-788.0,39,5543,149.98,0.0,0,35,39,7,69.96,2.0,0.0,61.97,191.0,81.0,20.0,4.99,5.0,250.0,0.1,271.4,966.8333333333334,2342.9583333333335,21.0,415.42000000000013,0,0,0,1,0,1,0,0,0,0,0,0,0,0,0,1,0,1,0,9.412301144022495,9.345745008982394,16.016617035411745,-23.025850929940457,6.517154152522663,6.586171654854812,0.0699575,0.9630661,1
930046,2024-09-24 21:37:05.037000+00:00,2024-09-24 21:44:43.298000+00:00,2.067,0.851,-748.0,18,2431,149.97,0.0,0,14,15,1,154.4,0.15,0.0,211.96999999999997,96.0,3.0,0.0,23.99,5.0,10.0,0.05,716.0,601.8333333333334,981.3583333333331,13.0,537.0400000000001,1,0,0,0,0,0,0,0,0,1,0,0,0,0,1,0,0,0,1,8.521981708148054,8.360773272144959,17.208675767929165,-23.025850929940457,6.479829814943943,6.588926477533657,0.12729472222222224,0.95033693,1
779202,2024-08-30 19:30:38.176000+00:00,2024-09-25 14:31:12.291000+00:00,0.935,1.071,595.0,64,9001,89.93999999999998,800.0,2,36,54,3,217.07,0.0,0.0,0.0,81.0,10.0,0.0,4.99,5.0,100.0,0.05,1099.7,1802.0,1684.77,51.0,1171.9499999999998,1,0,0,0,0,0,0,1,0,0,0,0,1,0,0,0,0,0,1,9.038246335337677,9.106534203250604,-23.025850929940457,7.170119543449705,6.460905518091398,6.507277712385161,619.009476388889,,0
929265,2024-09-24 18:38:07.656000+00:00,2024-09-24 18:50:52.036000+00:00,0.19,0.868,-577.0,52,22888,70.92,60.13,1,69,48,8,109.37,2.0,0.0,24.97,50.0,25.0,0.0,4.99,5.0,20.0,0.05,69.76,4286.666666666667,815.2999999999998,12.0,732.5299999999997,1,0,0,0,0,1,0,0,0,0,0,0,0,0,0,1,0,1,0,8.379997952238416,8.238272624633055,15.323801288393417,4.09650888505314,6.420499686728741,6.43133108193364,0.21232777777777778,0.95070183,1
942460,2024-09-26 21:23:17.643000+00:00,2024-09-26 21:26:11.377000+00:00,3.781,0.644,-2430.0,10,1805,599.9399999999999,0.0,0,23,8,0,2.1,0.25,6.8,323.96000000000004,206.0,12.0,0.0,23.99,4.0,5.0,0.1,296.0,601.6666666666666,2275.016666666667,13.0,206.79999999999998,0,0,0,0,1,0,0,1,0,0,0,0,0,1,0,0,0,0,1,8.828347620053176,8.3882228101193,-23.025850929940457,-23.025850929940457,7.706959232756397,7.770645234129219,0.048259444444444445,0.995783,1
954511,2024-09-28 08:40:45.453000+00:00,2024-09-28 16:43:39.226000+00:00,3.956,0.848,-1622.0,11,2699,299.95,0.0,0,45,9,5,35.14,0.15,0.0,39.97,146.0,0.0,0.0,4.99,2.0,7.5,0.1,1107.0,1349.5,5338.025,6.0,1093.5700000000002,0,0,0,1,0,0,0,1,0,0,0,0,1,0,0,0,0,0,1,9.275753510524424,9.110961927995914,16.009351639952605,-23.025850929940457,7.296108137480407,7.360739903058342,8.048270277777778,,0
937822,2024-09-26 02:36:40.321000+00:00,2024-09-26 02:42:24.961000+00:00,2.081,1.085,1314.0,35,7388,399.96,1935.0,3,23,19,4,209.42,0.15,0.0,159.98000000000002,212.0,3.0,0.0,23.99,4.0,15.0,0.2,936.0,1847.0,3843.6249999999995,26.0,1333.8000000000002,0,0,0,0,1,0,0,0,0,1,0,0,0,0,0,0,1,0,1,9.640433049909085,9.72244517724056,16.920197679816233,8.252055083399377,7.744903231459182,7.811163385025319,0.09573333333333332,0.9957898,1
935628,2024-09-25 19:48:03.126000+00:00,2024-09-25 19:53:01.857000+00:00,1.897,1.191,625.0,20,1728,55.99,500.0,3,5,11,1,1.41,0.15,0.0,133.97,88.0,0.0,0.0,23.99,5.0,5.0,0.2,485.2,432.0,819.6500000000001,12.0,887.1,0,0,0,0,1,1,0,0,0,0,0,0,0,0,0,1,0,0,1,8.095293776844679,8.26975694753301,9.680344001221924,6.851184927493849,5.455107417312653,5.648974238161558,0.08298083333333334,0.93665165,1
941288,2024-09-26 16:43:58.668000+00:00,2024-09-26 17:04:57.402000+00:00,0.616,1.02,82.0,32,6722,129.92999999999998,400.0,3,35,19,1,0.27,1.0,0.0,0.0,31.0,0.0,0.0,4.99,4.0,1.5,0.05,386.5,1680.5,1034.6375,22.0,885.87,0,0,0,0,1,1,0,0,0,0,0,0,0,0,0,1,0,1,0,8.328209491748757,8.347827345782523,13.11835535600679,6.380122536899934,6.166782468939797,6.198478716492511,0.34964833333333334,0.95925444,1
937558,2024-09-26 01:56:59.506000+00:00,2024-09-26 02:15:35.999000+00:00,0.977,0.857,-1382.0,44,9889,189.95000000000002,0.0,0,57,29,7,35.31,1.0,0.0,38.97,288.0,89.0,15.0,4.99,4.0,100.0,0.05,318.5,2472.75,2416.3999999999996,11.0,71.9,1,0,0,0,0,0,0,0,0,1,0,0,0,0,0,1,0,0,1,9.176266391642441,9.021960500598276,18.34210928679216,-23.025850929940457,6.998902259230485,7.058758152518751,0.31013694444444445,,0
924668,2024-09-24 00:05:27.506000+00:00,2024-09-24 15:59:06.383000+00:00,0.62,0.995,-40.0,48,14055,119.97,300.0,2,18,33,4,350.09,0.0,0.0,39.97,140.0,12.0,20.0,7.99,5.0,3.0,0.1,215.9,2717.8333333333335,1548.1250000000002,15.0,790.1499999999997,1,0,0,0,0,1,0,0,0,0,0,0,0,0,0,1,0,1,0,9.072915696064522,9.068200604815072,17.602627720667204,5.991464547108232,5.991014445827847,6.06610809010398,15.8941325,0.95694906,1
930133,2024-09-24 21:56:44.439000+00:00,2024-09-24 22:13:53.265000+00:00,1.121,1.032,180.0,19,5052,113.96,500.0,2,30,19,0,56.67,0.5,0.0,93.96,108.0,2.0,0.0,23.99,5.0,5.0,0.1,593.0,921.0,972.7516666666664,10.0,27.4,1,0,0,0,0,0,0,0,0,1,0,0,0,0,0,1,0,0,1,8.641532465671862,8.672999642554455,-23.025850929940457,6.802394763324422,6.411325535500043,6.516193076043112,0.285785,0.96301734,1
919883,2024-09-23 03:12:36.091000+00:00,2024-09-24 15:17:50.614000+00:00,1.562,0.689,-1026.0,32,2111,119.97999999999999,0.0,0,15,29,2,250.74,0.15,0.0,80.99,82.0,6.0,10.0,19.99,5.0,60.0,0.1,245.0,403.3333333333333,613.5916666666667,23.0,762.21,1,0,0,0,0,0,0,0,0,1,0,0,0,0,0,1,0,0,1,8.100768243071762,7.727975542105603,15.044981504013395,-23.025850929940457,6.918546840060435,6.970730078143619,36.0873675,0.9846978,1
950848,2024-09-27 23:16:52.853000+00:00,2024-09-27 23:22:12.622000+00:00,105.098,0.786,-1146.0,10,51,199.98,0.0,0,11,9,0,13.83,2.0,0.0,0.0,69.0,0.0,0.0,99.99,1.0,500.0,20.0,660.7,25.5,2680.0,2.0,0.0,1,0,0,0,0,0,0,1,0,0,0,0,0,0,0,1,0,0,1,8.586719254064866,8.346167594364157,-23.025850929940457,-23.025850929940457,7.00296545378622,7.051855622955981,0.08882472222222222,0.9800781,1
927831,2024-09-24 11:35:20.145000+00:00,2024-09-24 11:37:35.718000+00:00,19.988,0.98,-2376.0,31,5815,499.95,0.0,0,14,30,0,6000.12,0.5,0.0,0.0,291.0,0.0,80.0,99.99,5.0,1500.0,0.2,6889.0,1163.0,23245.82,29.0,46435.200000000004,1,0,0,0,0,0,0,1,0,0,0,0,0,0,0,1,0,0,1,11.66331766197001,11.642672204822881,-23.025850929940457,-23.025850929940457,7.649625954822574,7.701652362642271,0.03765916666666667,,0
932512,2024-09-25 05:15:47.040000+00:00,2024-09-25 05:25:12.538000+00:00,1.232,1.537,2685.0,37,4055,49.97,3000.0,2,14,16,19,21.09,0.5,0.0,42.98,72.0,0.0,0.0,19.99,5.0,4.0,0.2,3000.45,811.0,999.47,30.0,0.0,1,0,0,0,0,0,0,1,0,0,0,0,0,0,0,1,0,0,1,8.516593011344225,8.946635208905864,17.021665818423095,8.00636756765028,5.492485145626085,5.627621113690997,0.1570827777777778,,0
914412,2024-09-22 04:51:19.356000+00:00,2024-09-26 01:53:42.664000+00:00,2.126,0.805,-1178.0,16,2844,294.95,0.0,0,25,16,1,0.24,8.0,0.0,214.95,153.0,6.0,0.0,8.99,4.0,300.0,0.05,297.55,711.0,1511.25,34.0,2265.0600000000004,1,0,0,0,0,0,0,1,0,0,0,0,0,0,0,1,0,0,1,8.70698676304891,8.490233009833474,12.196022309676673,-23.025850929940457,6.932203959384545,7.008505182082371,93.03980777777778,0.98709065,1
944227,2024-09-27 02:28:34.953000+00:00,2024-09-27 02:32:03.752000+00:00,3.71,0.752,-1456.0,6,1581,399.96,0.0,0,14,6,0,36.25,0.5,0.0,159.98000000000002,147.0,0.0,0.0,49.99,3.0,10.0,1.0,304.8,527.0,1955.3333333333333,5.0,0.0,1,0,0,0,0,0,0,1,0,0,0,1,0,0,0,0,0,0,1,8.676928249537413,8.391629968440915,-23.025850929940457,-23.025850929940457,7.177675540255236,7.256297239690751,0.05799972222222222,,0
934818,2024-09-25 16:19:20.595000+00:00,2024-09-25 20:18:49.245000+00:00,0.731,1.156,1146.0,37,10045,49.99,1000.0,2,5,36,0,426.0,0.25,0.0,0.0,85.0,37.0,0.0,49.99,4.0,4.0,0.1,972.0,2557.25,1868.624999999999,30.0,10.799999999999999,0,0,0,0,1,0,0,1,0,0,0,0,0,0,0,1,0,0,1,8.901230352110796,9.04629085996969,-23.025850929940457,7.313220387090368,5.393400247795183,5.433722003554676,3.9912916666666667,0.94893605,1
942167,2024-09-26 20:16:25.153000+00:00,2024-09-26 20:22:42.904000+00:00,5.246,0.816,-1302.0,7,1346,405.95,0.0,0,17,6,4,104.25,0.25,0.0,105.97999999999999,146.0,0.0,0.0,99.99,3.0,10.0,0.05,580.0,448.6666666666667,2353.55,15.0,583.4,1,0,0,0,0,0,0,0,0,1,0,1,0,0,0,0,0,0,1,8.86234196351636,8.658345471172138,17.577272841193448,-23.025850929940457,7.052573979594671,7.14124512235057,0.10493083333333332,,0
945237,2024-09-27 05:21:46.280000+00:00,2024-09-27 05:24:09.441000+00:00,0.668,0.833,-548.0,20,4925,92.91999999999997,0.0,0,49,20,4,0.18,0.5,0.0,104.96,103.0,0.0,0.0,23.99,3.0,2.0,0.05,145.75,1641.6666666666665,1097.3500000000001,12.0,715.4599999999998,1,0,0,0,0,1,0,0,0,0,0,0,0,0,1,0,0,1,0,8.09925056179699,7.917171988845812,14.36137508637478,-23.025850929940457,6.2998863076774665,6.390240667065518,0.039766944444444445,,0
565681,2024-07-11 22:03:11.065000+00:00,2024-09-27 15:49:09.490000+00:00,1.182,0.883,-1132.0,24,8213,169.97,0.0,0,46,17,7,0.09,8.0,5.1999999999999975,94.94999999999999,253.0,19.0,75.0,5.99,3.0,40.0,0.1,554.0,2754.0,3245.0166666666664,17.0,8476.21,0,0,0,1,0,0,1,0,0,0,0,0,0,1,0,0,0,0,1,9.181014542594365,9.057072635572977,23.135525572356794,-23.025850929940457,6.796309619668475,6.854354502255127,1865.7662291666666,0.9761154,1
191007,2024-02-10 19:30:31.719000+00:00,2024-09-25 12:30:15.729000+00:00,1.859,0.927,-573.0,15,4232,112.98,0.0,0,13,12,0,0.72,0.0,0.0,77.98,95.0,3.0,0.0,14.99,3.0,5.0,0.05,339.25,2116.0,3932.975,4.0,0.0,1,0,0,0,0,0,0,0,0,0,1,0,0,0,0,1,0,0,1,8.970304952991768,8.894670262984247,-23.025850929940457,-23.025850929940457,6.169338728974866,6.274762021242127,5464.995558333334,0.91438824,1
936413,2024-09-25 22:36:58.784000+00:00,2024-09-25 22:38:55.481000+00:00,12.84,0.993,-660.0,22,7535,299.93,0.0,0,26,18,2,281.8,0.25,0.0,23.99,160.0,5.0,0.0,23.99,4.0,2000.0,0.1,6834.0,1955.25,24379.125000000004,38.0,5401.3,0,0,0,0,1,0,0,0,0,1,0,0,1,0,0,0,0,0,1,11.47985460265934,11.472998902764107,15.071126595442049,-23.025850929940457,6.570518750364331,6.6644090203505355,0.03241583333333333,,0
927633,2024-09-24 10:21:23.553000+00:00,2024-09-24 10:28:47.902000+00:00,0.405,0.868,-224.0,14,4181,154.94,125.0,2,20,12,2,0.23,0.15,0.0,49.98,69.0,0.0,0.0,23.99,4.0,20.0,0.2,122.0,737.0,299.59166666666647,20.0,0.08,1,0,0,0,0,0,0,1,0,0,0,0,0,0,1,0,0,0,1,7.434257382133194,7.2923371761739455,15.928386875730347,5.416100402204864,5.939644798378449,6.070737728002721,0.12343027777777778,0.91411555,1
717538,2024-08-17 20:15:42.203000+00:00,2024-09-26 19:27:01.210000+00:00,1.53,1.099,776.0,19,5115,149.97,850.0,3,11,19,1,381.48,1.0,0.0,8.99,71.0,0.0,0.0,8.99,4.0,5.0,0.2,344.0,1278.75,1956.3250000000003,11.0,2955.1999999999994,0,0,1,0,0,0,0,1,0,0,0,0,0,0,1,0,0,0,1,8.965079015408367,9.059750013343693,-23.025850929940457,7.313220387090368,6.563700366399648,6.609349243167515,959.1886130555556,,0
473218,2024-06-13 20:58:52.799000+00:00,2024-09-26 09:16:05.759000+00:00,2.704,0.95,-993.0,14,7312,749.95,1300.0,1,22,13,1,131.03,0.5,0.0,216.99,176.0,0.0,0.0,49.99,4.0,100.0,0.2,704.0,1913.0,5011.437499999999,12.0,0.0,0,0,0,1,0,0,0,0,0,1,0,1,0,0,0,0,0,0,1,9.891870333195943,9.840334737530865,17.416050480754688,7.170119543449705,7.669392537983172,7.727975542105603,2508.2869333333338,,0
931028,2024-09-25 00:49:32.956000+00:00,2024-09-25 00:59:53.148000+00:00,2.142,0.91,-2168.0,36,11198,499.97,0.0,0,23,32,4,457.77,1.0,0.0,299.97,185.0,0.0,0.0,99.99,5.0,130.0,0.1,877.5,2276.6,4849.27,69.0,425.9,1,0,0,0,0,1,0,0,0,0,0,0,0,0,0,1,0,1,0,10.085017129129877,9.990261401318172,15.6457419023441,-23.025850929940457,7.620592335384066,7.68982866873653,0.17227555555555557,,0
939292,2024-09-26 06:48:15.239000+00:00,2024-09-26 06:50:49.410000+00:00,2.926,1.335,1131.0,9,1155,449.95,2044.0,3,12,7,0,0.13,0.25,0.0,0.0,68.0,0.0,0.0,49.99,4.0,80.0,0.1,1470.2,385.0,1126.6666666666667,6.0,0.0,0,0,0,0,1,0,0,1,0,0,0,1,0,0,0,0,0,0,1,8.125630988477093,8.414274137408418,-23.025850929940457,7.740229524763225,7.002956361926616,7.050989447068131,0.042825277777777775,,0
953498,2024-09-28 06:08:43.606000+00:00,2024-09-28 06:15:12.590000+00:00,2.931,0.819,-1459.0,6,2757,395.92,0.0,0,22,6,1,0.0,0.25,0.0,15.99,158.0,22.0,15.0,15.99,1.0,100.0,0.2,365.0,2757.0,8081.299999999998,12.0,0.0,1,0,0,0,0,0,0,0,0,0,1,0,0,0,0,1,0,0,1,8.99727090623346,8.798152718107207,17.725311095539322,-23.025850929940457,7.170719363521672,7.2320103316648305,0.10805111111111111,0.9957633,1
181365,2024-02-04 04:41:53.860000+00:00,2024-09-28 12:17:39.250000+00:00,2.724,0.856,-1764.0,16,4494,449.92,0.0,0,40,13,1,0.08,0.0,17.0,5.99,163.0,3.0,0.0,49.99,2.0,120.0,0.1,882.0,2247.0,6120.000000000001,22.0,13.950000000000001,0,1,0,0,0,0,0,0,0,1,0,0,0,0,0,1,0,0,1,9.412464556066325,9.256842205627612,-23.025850929940457,-23.025850929940457,7.378133837933008,7.412160334945265,5695.5959416666665,0.99579346,1
951925,2024-09-28 02:47:36.896000+00:00,2024-09-28 02:49:08.790000+00:00,9.806,0.952,-1257.0,8,2684,599.9399999999999,0.0,0,10,8,0,1000.9,1.0,0.0,23.99,133.0,0.0,0.0,23.99,2.0,600.0,1.0,1539.3,1342.0,13160.0,1.0,0.0,1,0,0,0,0,0,0,1,0,0,0,0,1,0,0,0,0,0,1,10.178084385439258,10.12918783263203,-23.025850929940457,-23.025850929940457,7.024560058524311,7.104144092987609,0.025526111111111114,,0
819617,2024-09-06 21:21:24.519000+00:00,2024-09-24 19:58:14.796000+00:00,1.354,0.813,-1814.0,19,7177,399.96,0.0,0,20,17,1,157.15,1.0,1.5999999999999999,417.96000000000004,176.0,0.0,30.0,49.99,4.0,50.0,0.2,265.35,2392.333333333333,3238.5500000000006,5.0,4952.799999999999,1,0,0,0,0,0,0,0,0,1,0,0,0,0,0,1,0,0,1,9.181529290122073,8.97487117097135,15.363073066680286,-23.025850929940457,7.401109156836149,7.458186157340545,430.61396583333334,,0
937252,2024-09-26 01:08:40.696000+00:00,2024-09-26 01:20:45.026000+00:00,3.087,0.561,-987.0,5,729,764.92,0.0,0,12,4,0,0.05,0.25,0.0,115.96999999999998,101.0,0.0,0.0,19.99,2.0,10.0,0.2,252.0,364.5,1125.3500000000001,5.0,427.5,0,0,0,0,1,0,0,0,1,0,0,0,0,0,0,1,0,0,1,7.719129840906777,7.142036574706882,-23.025850929940457,-23.025850929940457,6.786581501251757,6.880384082186108,0.20120277777777779,,0
942925,2024-09-26 22:50:48.513000+00:00,2024-09-26 22:56:30.418000+00:00,3.006,1.013,145.0,15,3793,134.99,900.0,1,7,13,1,0.35,0.15,6.8999999999999995,239.97000000000003,111.0,0.0,0.0,23.99,3.0,8.0,0.5,669.6,1264.3333333333335,3801.0999999999995,30.0,6264.9800000000005,1,0,0,0,0,0,0,0,1,0,0,0,0,0,0,1,0,0,1,9.341631757657368,9.354267540782834,-23.025850929940457,6.802394763324422,6.461358795371993,6.55819780281241,0.0949736111111111,0.96466875,1
909897,2024-09-21 08:07:01.044000+00:00,2024-09-28 06:12:43.044000+00:00,5.346,0.947,-630.0,10,2237,325.96000000000004,0.0,0,11,8,1,0.08,0.0,0.0,155.99,104.0,11.0,20.0,49.99,2.0,30.0,0.2,1455.58,1237.5,6446.5,7.0,2245.35,1,0,0,0,0,1,0,0,0,0,0,1,0,0,0,0,0,1,0,9.389239411968816,9.33520935402206,15.89901881931887,-23.025850929940457,6.5451916018669705,6.612041034833227,166.095,,0
951743,2024-09-28 02:16:17.024000+00:00,2024-09-28 02:23:18.255000+00:00,7.592,0.681,-1638.0,6,676,699.96,0.0,0,12,6,6,425.18,1.0,8.999999999999996,158.98000000000002,180.0,27.0,0.0,23.99,2.0,100.0,0.1,373.2,338.0,2565.95,6.0,9.580000000000002,0,0,0,0,1,0,0,0,0,1,0,0,0,0,0,1,0,1,0,8.543250725735547,8.15880249069403,18.911458923857047,-23.025850929940457,7.285424297025145,7.354362330421541,0.1170086111111111,,0
947175,2024-09-27 14:45:13.103000+00:00,2024-09-27 14:46:57.841000+00:00,4.21,0.705,-605.0,9,487,174.97,0.0,0,6,6,0,0.85,0.25,12.499999999999991,159.98000000000002,95.0,0.0,0.0,24.99,3.0,120.0,0.1,320.24,243.5,1025.1500000000003,5.0,0.32,0,0,0,0,1,0,0,0,0,1,0,0,0,0,0,1,0,0,1,7.625595072132502,7.2765564027187795,-23.025850929940457,-23.025850929940457,6.234293071738786,6.357842266508273,0.029093888888888888,,0
928932,2024-09-24 17:08:13.641000+00:00,2024-09-24 17:59:04.201000+00:00,0.95,1.057,463.0,35,8597,119.93999999999998,0.0,0,28,28,2,34.86,0.15,0.0,33.98,109.0,4.0,25.0,9.99,5.0,5.0,0.2,981.0,1679.1666666666667,1784.9333333333338,8.0,40.519999999999996,0,0,0,1,0,0,0,0,1,0,0,0,0,0,0,1,0,0,1,9.008101781341882,9.063231506937981,12.65714826489039,-23.025850929940457,6.013030325022787,6.107022887742477,0.8473777777777778,0.9493088,1
939063,2024-09-26 05:58:58.930000+00:00,2024-09-26 06:03:00.666000+00:00,0.94,0.771,-612.0,9,2842,130.84999999999997,0.0,0,46,9,0,0.21,0.0,5.7,85.95,90.0,0.0,0.0,15.99,4.0,130.0,0.05,224.0,710.5,667.7125000000001,10.0,684.47,1,0,0,0,0,0,0,1,0,0,0,0,0,0,0,1,0,0,1,7.890208213109998,7.629975707027838,-23.025850929940457,-23.025850929940457,6.258701535932895,6.322565239927464,0.06714888888888888,0.9217764,1
951268,2024-09-28 00:42:24.168000+00:00,2024-09-28 00:43:44.084000+00:00,2.336,0.659,-1398.0,11,1753,566.91,0.0,0,18,6,8,0.45,0.15,0.0,81.97,136.0,0.0,5.0,15.99,2.0,40.0,0.6,294.0,876.5,2047.5000000000014,6.0,1974.97,0,0,0,0,1,0,0,0,0,1,0,0,0,0,0,1,0,0,1,8.317521996287194,7.899895323139767,21.76253181041593,-23.025850929940457,7.1403104021836565,7.210818453472294,0.02219888888888889,0.995583,1
233835,2024-03-03 20:42:30.954000+00:00,2024-09-28 23:38:58.925000+00:00,5.512,0.943,-1081.0,8,3448,484.95000000000005,0.0,0,16,8,1,173.46,0.0,8.799999999999997,134.99,152.0,0.0,0.0,99.99,1.0,20.0,1.0,1086.0,1724.0,9502.5,54.0,17128.76,0,0,1,0,0,0,0,0,0,0,1,0,0,0,0,1,0,0,1,9.852457381423354,9.793895875906038,-23.025850929940457,-23.025850929940457,7.30306230132431,7.346655163176603,5018.941103055556,0.9957633,1
605442,2024-07-23 05:30:06.230000+00:00,2024-09-25 09:55:08.802000+00:00,1.657,0.947,-684.0,25,7848,249.96999999999997,200.0,1,27,21,0,147.91000000000003,0.5,0.0,0.0,83.0,0.0,0.0,9.99,4.0,8.0,0.2,991.2,1962.0,3250.875,44.0,0.0,0,0,0,1,0,0,0,0,0,1,0,0,0,0,0,0,1,0,1,9.473012281423804,9.418898064961983,-23.025850929940457,5.298317366548536,6.68427417070211,6.728628613084822,1540.4173811111111,,0
928450,2024-09-24 14:58:01.817000+00:00,2024-09-24 15:03:01.632000+00:00,1.034,0.857,-769.0,12,5188,115.97,0.0,0,31,11,0,26.17,0.15,0.0,15.99,61.0,0.0,0.0,49.99,3.0,90.0,0.1,204.0,2594.0,2683.1500000000005,8.0,0.0,1,0,0,0,0,1,0,0,0,0,0,0,0,0,0,1,0,1,0,8.587838030985589,8.43315919580625,-23.025850929940457,-23.025850929940457,6.559176047579192,6.626717749249157,0.08328194444444445,,0
751209,2024-08-24 18:34:36.627000+00:00,2024-09-27 17:37:19.566000+00:00,1.515,1.435,2890.0,29,4385,87.90999999999998,2550.44,3,19,19,5,0.13,0.25,0.0,34.96,189.0,7.0,30.0,5.99,3.0,100.0,0.05,1942.0,1461.6666666666667,2214.666666666667,9.0,0.0,0,0,0,0,1,1,0,0,0,0,0,0,0,0,0,1,0,1,0,8.8014694707332,9.16261963576478,15.29105129659836,8.078505266756856,4.975422538341202,5.087596335233001,815.0452608333333,,0
938883,2024-09-26 05:28:00.450000+00:00,2024-09-26 06:28:56.856000+00:00,0.456,0.905,-419.0,36,9700,109.98,0.0,0,12,34,5,151.83,0.15,0.0,223.95000000000002,85.0,6.0,0.0,23.99,4.0,40.0,0.05,200.67,2474.0,1117.7950000000003,89.0,716.73,0,0,0,1,0,1,0,0,0,0,0,0,0,0,0,1,0,1,0,8.394121193826265,8.294799358992599,16.36262535943695,-23.025850929940457,6.117832845923009,6.253828811575666,1.0156683333333334,0.9315545,1
777799,2024-08-30 10:25:41.971000+00:00,2024-09-27 00:08:47.993000+00:00,0.596,0.883,-693.0,24,9980,149.97,0.0,0,35,21,1,0.1,0.25,1.7,32.97,75.0,0.0,0.0,8.99,3.0,20.0,0.1,132.0,3326.6666666666665,1983.5666666666662,3.0,342.7,1,0,0,0,0,1,0,0,0,0,0,0,0,0,0,1,0,1,0,8.691314551644869,8.567315800819467,12.546821438918647,-23.025850929940457,6.425921953982985,6.464588303690117,661.7183394444444,,0
935386,2024-09-25 18:48:58.653000+00:00,2024-09-28 09:08:02.018000+00:00,8.158,0.724,-4467.0,8,1985,1039.93,0.0,0,33,8,0,17.94,3.0,10.199999999999992,134.99,293.0,0.0,30.0,99.99,2.0,200.0,0.2,1950.0,992.5,8096.450000000003,5.0,9642.36,1,0,0,0,0,1,0,0,0,0,0,0,0,0,0,1,0,1,0,9.692334329073477,9.369563877524168,-23.025850929940457,-23.025850929940457,8.336790592244835,8.386400901166237,62.31760138888889,,0
931661,2024-09-25 02:44:07.677000+00:00,2024-09-25 03:09:51.755000+00:00,6.067,0.742,-4061.0,7,2595,1999.9,0.0,0,28,6,1,0.0,0.0,0.0,0.0,239.0,0.0,0.0,19.99,1.0,16.0,0.2,1086.0,2595.0,15743.399999999996,7.0,0.0,0,0,0,0,1,0,0,0,0,1,0,0,0,0,0,1,0,0,1,9.664151101014635,9.365804474600264,11.79055720156851,-23.025850929940457,8.247932400484867,8.299534570332622,0.4289105555555556,,0
941496,2024-09-26 17:34:03.914000+00:00,2024-09-26 17:37:50.955000+00:00,0.811,1.146,1117.0,34,9420,109.96000000000001,1000.0,2,7,34,0,508.23,2.0,0.0,62.980000000000004,141.0,31.0,0.0,23.99,4.0,5.0,0.1,873.5,2355.0,1908.787500000002,26.0,900.7600000000002,0,0,1,0,0,0,0,0,0,1,0,1,0,0,0,0,0,0,1,8.940498217652745,9.077037524661774,-23.025850929940457,7.244227515603422,5.2623274288154,5.48479693349107,0.06306694444444444,0.94825363,1
931487,2024-09-25 02:13:41.296000+00:00,2024-09-27 06:44:40.081000+00:00,0.528,1.21,745.0,31,6727,99.99,1000.0,1,8,27,1,365.31,0.0,1.6,14.98,35.0,4.0,0.0,8.99,3.0,1.0,0.1,1050.0,2272.0,1196.7999999999981,6.0,1884.2299999999993,1,0,0,0,0,0,0,1,0,0,0,0,0,0,0,1,0,0,1,8.174984532943116,8.365439636188723,-23.025850929940457,6.907755278982237,5.81389169733653,5.857933154483745,52.516329166666665,,0
951288,2024-09-28 00:46:01.014000+00:00,2024-09-28 01:04:35.473000+00:00,1.598,1.439,2839.0,16,4052,99.98,0.0,0,7,16,0,114.88,0.25,0.0,0.0,48.0,0.0,0.0,19.99,2.0,240.0,0.2,2464.7200000000003,2026.0,3237.300000000003,26.0,0.0,1,0,0,0,0,0,0,1,0,0,0,0,0,0,0,1,0,0,1,8.775703886567754,9.139273923542333,-23.025850929940457,-23.025850929940457,5.560412363997572,5.60211882088007,0.30957194444444447,0.9251495,1
947093,2024-09-27 14:20:38.451000+00:00,2024-09-27 14:23:03.719000+00:00,0.926,0.862,-1223.0,21,9569,199.98,0.0,0,19,20,0,66.16,0.25,0.0,134.97,163.0,0.0,20.0,24.99,3.0,3.0,0.1,240.55,3189.666666666667,2952.750000000001,34.0,1216.56,1,0,0,0,0,0,0,0,0,1,0,0,0,0,0,1,0,0,1,9.089076284483156,8.940498217652745,-23.025850929940457,-23.025850929940457,6.965844925756833,7.058758152518751,0.04035222222222222,,0
739560,2024-08-22 03:07:21.916000+00:00,2024-09-25 12:25:30.844000+00:00,0.496,0.896,-491.0,36,9465,74.94999999999999,0.0,0,30,33,0,101.28,0.25,0.0,121.94999999999999,77.0,7.0,0.0,14.99,5.0,12.0,0.1,166.0,1893.0,939.8679999999998,39.0,767.63,1,0,0,0,0,0,0,0,0,1,0,0,0,0,0,1,0,0,1,8.455104999102836,8.344980368770594,-23.025850929940457,-23.025850929940457,6.237738515811242,6.340359303727928,825.30248,0.9366347,1
333300,2024-04-16 22:23:59.303000+00:00,2024-09-28 02:11:19.838000+00:00,0.889,0.98,-164.0,22,9397,239.95,550.0,1,15,20,3,2.0,0.25,0.0,0.0,113.0,28.0,20.0,19.99,2.0,2.0,0.4,691.68,4698.5,4178.999999999998,32.0,0.0,1,0,0,0,0,0,1,0,0,0,0,0,0,0,0,1,0,0,1,9.030974443007873,9.011157458106828,17.763961920005972,6.309918278226698,6.4767415670277515,6.519147287940543,3939.7890375,,0
931768,2024-09-25 03:01:35.361000+00:00,2024-09-25 03:22:01.758000+00:00,2.027,0.97,-632.0,28,10236,119.93999999999998,0.0,0,21,25,5,2.54,1.0,0.0,23.99,148.0,41.0,0.0,19.99,4.0,22.0,0.1,1708.0,2559.0,5188.25,39.0,0.0,0,0,1,0,0,1,0,0,0,0,0,0,0,0,0,1,0,1,0,9.940446093521665,9.909519324767851,17.536978201671364,-23.025850929940457,6.18165092826429,6.295266001439831,0.34066583333333333,,0
935566,2024-09-25 19:32:26.916000+00:00,2024-09-25 19:43:06.161000+00:00,1.337,0.928,-1377.0,30,14304,299.96999999999997,0.0,0,14,29,1,121.18,0.5,0.0,0.0,101.0,0.0,0.0,49.99,4.0,150.0,0.4,523.0,3576.0,4781.362500000001,18.0,0.0,1,0,0,0,0,0,0,0,0,1,0,0,0,0,0,0,1,0,1,9.858751658694741,9.784028112498806,10.150347630467659,-23.025850929940457,7.146661937155785,7.195187320178784,0.17756805555555555,,0
922983,2024-09-23 17:57:46.656000+00:00,2024-09-26 09:02:23.770000+00:00,0.563,1.0,0.0,35,4874,49.93000000000001,200.0,2,41,22,2,0.19,0.0,0.0,40.97,34.0,11.0,0.0,4.99,4.0,60.0,0.1,249.6,1624.6666666666665,915.2833333333335,25.0,465.7699999999999,0,0,0,0,1,0,1,0,0,0,0,0,0,0,0,1,0,0,1,7.917900586327953,7.917900586327953,14.835079639291932,5.857933154483745,5.7544439027919605,5.7714411231303275,63.07697611111111,,0
930497,2024-09-24 23:11:25.580000+00:00,2024-09-24 23:12:56.676000+00:00,3.116,0.976,-1376.0,50,18515,599.92,1300.0,3,40,46,4,601.29,1.0,16.599999999999984,641.94,399.0,0.0,30.0,19.99,4.0,200.0,0.2,1095.0,3102.0,9675.949999999999,25.0,26111.890000000003,1,0,0,0,0,0,0,1,0,0,0,0,0,0,0,1,0,0,1,10.962960458076916,10.938804990831926,-23.025850929940457,7.740664401917285,8.140781903698839,8.201111644442786,0.025304444444444445,0.9957898,1
903467,2024-09-20 04:02:54.911000+00:00,2024-09-26 20:06:52.807000+00:00,1.127,0.961,-319.0,17,7262,245.95,0.0,0,15,16,0,475.96,0.0,13.999999999999991,221.95000000000002,167.0,3.0,0.0,15.99,4.0,10.0,0.1,677.44,1815.5,2046.4124999999995,26.0,5103.970000000001,0,0,0,0,1,1,0,0,0,0,0,0,0,0,0,1,0,1,0,9.010180657052361,8.970432074329254,-23.025850929940457,-23.025850929940457,6.609147066396938,6.678342114654458,160.0660822222222,0.9707073,1
931651,2024-09-25 02:43:31.965000+00:00,2024-09-25 07:48:35.708000+00:00,1.97,0.845,-854.0,29,2788,119.97999999999999,0.0,0,25,18,8,0.13,2.0,0.0,23.99,145.0,40.0,0.0,23.99,5.0,150.0,0.1,196.16,574.8,1103.23,7.0,0.0,1,0,0,0,0,1,0,0,0,0,0,1,0,0,0,0,0,1,0,8.61104776688788,8.442038517815499,17.481153114420533,-23.025850929940457,6.569130727792921,6.651571873589856,5.084373055555555,,0
946317,2024-09-27 09:46:48.224000+00:00,2024-09-27 10:02:11.859000+00:00,0.378,0.791,-723.0,35,9161,149.98,0.0,0,20,16,29,62.06,0.25,0.0,23.99,77.0,0.0,2.0,19.99,3.0,2.0,0.1,50.0,3053.666666666667,1155.3333333333342,5.0,0.0,1,0,0,0,0,0,0,1,0,0,0,0,0,0,0,1,0,0,1,8.15075647027558,7.916807490937639,18.926956313905617,-23.025850929940457,6.4735820067373835,6.561030665896714,0.25656527777777777,0.91312754,1
902500,2024-09-20 01:05:30.359000+00:00,2024-09-26 01:00:22.632000+00:00,5.615,0.849,-3653.0,21,4314,1799.91,0.0,0,25,19,0,0.06,38.0,0.0,420.96000000000004,334.0,18.0,0.0,8.99,3.0,100.0,0.1,988.0,1438.0,8074.133333333333,14.0,9437.140000000001,1,0,0,0,0,0,1,0,0,0,0,0,0,0,0,1,0,0,1,10.095016590081,9.931540366978169,-23.025850929940457,-23.025850929940457,8.109450491564045,8.165647925297533,143.91452027777777,,0
942479,2024-09-26 21:25:50.840000+00:00,2024-09-26 21:35:39.579000+00:00,2.828,1.573,1546.0,6,955,234.98000000000002,2000.0,2,5,5,4,40.27,0.5,12.199999999999992,250.96000000000004,103.0,21.0,0.0,23.99,4.0,100.0,0.3,1911.04,238.75,675.2125000000001,9.0,4149.920000000001,1,0,0,0,0,0,0,1,0,0,0,0,0,0,0,1,0,0,1,7.901377353792653,8.353968130313294,17.74188410011488,7.600902459542132,5.860643763176715,6.003887067106786,0.16353861111111112,0.92702925,1
930749,2024-09-25 00:01:58.980000+00:00,2024-09-28 12:09:51.144000+00:00,6.823,0.775,-1611.0,4,1051,794.91,0.0,0,20,4,0,0.03,0.0,17.4,44.99,127.0,3.0,0.0,19.99,1.0,300.0,0.1,1662.5,1051.0,7171.399999999998,12.0,1197.87,0,0,0,1,0,0,0,0,0,0,1,0,0,0,0,1,0,0,1,8.87780039388259,8.623353387244647,-23.025850929940457,-23.025850929940457,7.303035362032004,7.348587530927657,84.13115666666667,,0
933547,2024-09-25 09:35:07.077000+00:00,2024-09-25 09:39:28.214000+00:00,1.457,1.014,253.0,45,12615,249.96,1650.0,1,30,39,1,0.49,0.25,0.0,133.97,167.0,0.0,20.0,49.99,5.0,75.0,0.2,512.8,2523.0,3676.079999999998,43.0,763.06,1,0,0,0,0,0,0,0,1,0,0,0,0,1,0,0,0,0,1,9.819018395909684,9.832689481227417,-23.025850929940457,7.408530566894687,7.113711978873607,7.185387015580492,0.07253805555555555,0.9957898,1
944995,2024-09-27 04:35:50.869000+00:00,2024-09-27 04:41:21.403000+00:00,3.082,1.065,1139.0,17,5696,349.97,1500.0,2,15,15,1,163.07,0.15,0.0,23.99,167.0,0.0,10.0,49.99,3.0,8.0,0.2,782.0,1898.6666666666667,5851.666666666668,22.0,0.0,0,0,0,0,1,0,1,0,0,0,0,0,0,1,0,0,0,0,1,9.773094088602539,9.835957895742535,17.366161892794768,7.824046010856332,7.3925551519237995,7.462789157412505,0.091815,,0
928590,2024-09-24 15:36:37.563000+00:00,2024-09-24 15:43:36.981000+00:00,19.267,1.004,63.0,19,903,299.98,700.0,1,5,11,5,863.13,0.25,0.0,23.99,165.0,5.0,60.0,23.99,4.0,200.0,0.2,583.15,301.0,5799.283333333332,14.0,0.0,0,0,1,0,0,1,0,0,0,0,0,0,0,1,0,0,0,1,0,9.764110536067491,9.767725101522133,16.504214827468946,6.551080335043547,6.161101830899262,6.2785214241660325,0.116505,,0
902583,2024-09-20 01:21:32.097000+00:00,2024-09-26 05:15:06.584000+00:00,2.015,0.924,-587.0,19,3818,133.92999999999998,0.0,0,38,17,0,7.2,1.0,0.0,39.97,77.0,3.0,0.0,7.99,4.0,20.0,0.1,593.25,954.5,1923.7749999999999,17.0,232.27999999999997,1,0,0,0,0,0,0,0,0,1,0,0,0,0,0,1,0,0,1,8.948326046272992,8.868976189274557,-23.025850929940457,-23.025850929940457,6.233665349955845,6.298949246856126,147.89291305555554,,0
933684,2024-09-25 10:16:16.076000+00:00,2024-09-25 10:20:07.898000+00:00,5.517,1.531,2794.0,19,954,344.96,2643.03,4,19,9,9,1.21,2.0,32.300000000000004,158.98000000000002,177.0,0.0,0.0,4.99,5.0,390.0,0.1,2278.2,190.8,1052.6999999999998,16.0,764.33,0,0,0,1,0,1,0,0,0,0,0,0,0,0,0,1,0,1,0,8.568646473005172,8.994296557777208,16.49771426434344,8.412900993792345,7.3355101150644275,7.400620577371196,0.064395,0.995783,1
930487,2024-09-24 23:09:12.819000+00:00,2024-09-25 00:13:37.663000+00:00,0.303,1.141,191.0,36,4457,49.97,343.0,5,29,27,2,5.86,1.0,0.0,15.99,45.0,0.0,0.0,4.99,4.0,8.0,0.1,201.69,929.0,283.0099999999999,54.0,468.19000000000005,1,0,0,0,0,0,0,0,0,1,0,0,0,0,0,1,0,0,1,7.208600337960273,7.340835554123339,15.50781794822067,6.258395292390326,5.654977310374618,5.75257263882595,1.073567777777778,0.90622073,1
930036,2024-09-24 21:35:42.406000+00:00,2024-09-24 21:41:44.124000+00:00,4.232,0.988,-480.0,46,9176,164.98,400.0,2,8,45,2,1216.49,0.25,0.0,88.97999999999999,108.0,2.0,5.0,4.99,3.0,300.0,0.1,1024.0,2294.0,9707.9575,109.0,0.0,1,0,0,0,0,1,0,0,0,0,0,0,0,0,1,0,0,1,0,10.566999927966386,10.554561956674169,14.843700382335838,6.109247582764588,6.025672718437961,6.163314804034852,0.10047722222222223,0.95361316,1
916119,2024-09-22 13:49:50.600000+00:00,2024-09-24 19:49:29.086000+00:00,0.351,0.92,-366.0,31,13000,119.97999999999999,100.0,2,17,27,4,52.19,0.0,0.0,35.99,40.0,0.0,0.0,19.99,4.0,20.0,0.1,94.04,2644.0,937.610000000001,32.0,0.0,0,0,0,0,1,0,0,0,1,0,0,0,1,0,0,0,0,0,1,8.425735580927425,8.342125263333614,16.957105690613382,5.298317366548536,6.264977966583141,6.315358001522516,53.99402388888889,,0
722299,2024-08-18 18:27:54.081000+00:00,2024-09-25 01:04:03.058000+00:00,3.251,0.834,-742.0,16,1377,299.96999999999997,0.0,0,8,12,4,0.4,0.0,0.0,0.0,72.0,0.0,15.0,99.99,4.0,20.0,0.2,1020.0,344.25,1119.125,13.0,975.1100000000001,0,0,0,0,1,0,0,0,1,0,0,0,1,0,0,0,0,0,1,8.406708458240988,8.225503097566945,16.656458617717398,-23.025850929940457,6.507158302270983,6.555356891810807,894.6024936111111,,0
938679,2024-09-26 04:49:57.487000+00:00,2024-09-26 07:07:33.241000+00:00,1.903,0.844,-971.0,18,3268,349.96,200.0,1,20,16,1,0.54,0.25,0.0,169.96,150.0,21.0,0.0,23.99,4.0,150.0,0.2,281.35,818.5,1555.2749999999996,25.0,1657.5799999999997,1,0,0,0,0,0,0,0,0,1,0,1,0,0,0,0,0,0,1,8.735364401103906,8.56579286125232,-23.025850929940457,5.298317366548536,6.9273618086211535,7.011213987350457,2.2932650000000003,,0
940600,2024-09-26 13:29:39.053000+00:00,2024-09-26 13:34:48.205000+00:00,2.28,2.242,1184.0,14,418,193.93,800.0,3,15,7,3,0.12,0.5,0.0,117.96000000000001,69.0,0.0,0.0,23.99,4.0,12.5,0.2,916.4,104.5,238.3,8.0,40.31999999999998,1,0,0,0,0,1,0,0,0,0,0,0,0,1,0,0,0,1,0,6.8596149036543075,7.667158255319195,11.744037185933616,7.377758908227936,5.851771352369938,6.001414877961397,0.08587555555555555,0.9175554,1
929051,2024-09-24 17:37:10.228000+00:00,2024-09-24 17:39:11.590000+00:00,0.278,0.923,-239.0,22,11104,49.97,68.44,3,24,20,1,51.75,0.5,0.0,73.96,80.0,9.0,0.0,23.99,5.0,1.2,0.1,82.5,2359.6,645.339999999999,37.0,713.7500000000002,0,0,1,0,0,1,0,0,0,0,0,0,0,0,1,0,0,1,0,8.033334015880094,7.952615111651035,-23.025850929940457,5.1383833286322975,5.795328001280604,5.92958914339016,0.03371166666666667,0.9029069,1
938311,2024-09-26 03:54:05.821000+00:00,2024-09-26 17:36:56.588000+00:00,6.952,0.976,-53.0,11,309,99.99,312.74,1,5,8,2,1.05,0.25,0.0,50.98,62.0,0.0,0.0,23.99,3.0,80.0,0.1,469.75,77.25,537.0500000000001,12.0,953.1,0,0,0,1,0,1,0,0,0,0,0,0,0,0,0,1,0,1,0,7.672292455628802,7.647786045440981,14.003482786267043,5.745372174415684,5.706944137994112,5.863631175598381,13.714101944444444,0.9267898,1
777616,2024-08-30 09:05:37.444000+00:00,2024-09-26 03:05:32.645000+00:00,2.398,0.845,-788.0,16,2119,329.93,0.0,0,17,7,0,0.09,1.5,0.0,213.95,79.0,0.0,0.0,8.99,4.0,5.0,0.2,378.24,1059.5,2540.200000000001,17.0,200.54000000000005,1,0,0,0,0,0,0,0,0,1,0,0,0,0,1,0,0,0,1,8.533066540572547,8.364508103750612,-23.025850929940457,-23.025850929940457,6.563615723451766,6.651571873589856,641.9986669444444,0.9091506,1
930953,2024-09-25 00:36:58.763000+00:00,2024-09-25 00:42:53.822000+00:00,0.842,0.931,-720.0,22,12411,149.98,0.0,0,12,22,1,0.89,0.5,0.0,152.97,127.0,0.0,0.0,24.99,3.0,62.5,0.2,275.48,4137.0,3483.4166666666656,38.0,0.0,0,0,0,0,1,0,0,0,0,1,0,0,0,0,0,1,0,0,1,9.254357257392966,9.18296917518006,14.999015313650347,-23.025850929940457,6.384992017643272,6.520621127558844,0.0986275,0.94299495,1
327004,2024-04-14 09:31:53.250000+00:00,2024-09-26 14:53:30.807000+00:00,1.055,0.956,-129.0,26,2813,99.99,200.0,3,13,19,0,12.64,0.5,0.0,26.99,113.0,15.0,0.0,19.99,4.0,1.5,0.2,146.7,703.25,741.8125,10.0,1073.4499999999998,1,0,0,0,0,0,1,0,0,0,0,0,0,0,0,1,0,0,1,7.995306620290855,7.9508548577200235,-23.025850929940457,6.109247582764588,6.146050846325263,6.194405391104876,3965.3604325,0.9216961,1
938501,2024-09-26 04:23:39.411000+00:00,2024-09-26 05:28:59.242000+00:00,3.042,0.865,-886.0,9,2161,305.96,0.0,0,15,9,2,0.17,0.25,0.0,133.97,116.0,5.0,0.0,23.99,2.0,100.0,0.1,501.76,1080.5,3286.6499999999996,20.0,657.68,1,0,0,0,0,0,0,0,0,1,0,0,0,0,0,1,0,0,1,8.79072562826359,8.646113971483095,17.789317042885607,-23.025850929940457,6.638371434811863,6.731018100482203,1.0888419444444444,0.91255194,1
881769,2024-09-16 12:16:24.299000+00:00,2024-09-24 17:43:15.719000+00:00,0.336,0.77,-588.0,19,7622,69.98,0.0,0,20,15,1,178.95,0.0,5.4,5.99,38.0,6.0,0.0,5.99,4.0,1.0,0.05,180.95,2704.0,904.4749999999999,13.0,655.86,1,0,0,0,0,0,0,0,0,1,0,0,0,0,0,0,1,0,1,7.847762537473647,7.586803535162631,-23.025850929940457,-23.025850929940457,6.311371766854681,6.354370040797525,197.44761666666668,,0
906635,2024-09-20 19:04:09.153000+00:00,2024-09-25 01:43:51.725000+00:00,0.886,0.965,-699.0,53,22786,349.95,500.0,4,61,46,0,92.04,0.5,0.0,76.96,113.0,0.0,0.0,4.99,4.0,5.0,0.2,534.4,4904.4,4383.440000000002,27.0,6524.43,0,0,1,0,0,1,0,0,0,0,0,1,0,0,0,0,0,1,0,9.912645490320898,9.877400217772815,-23.025850929940457,6.776221889020402,7.28714331658025,7.329749689041577,102.66182555555555,0.9957898,1
930645,2024-09-24 23:40:10.779000+00:00,2024-09-24 23:44:29.592000+00:00,4.565,0.875,-1662.0,16,2921,199.98,0.0,0,18,13,0,105.08,0.5,0.0,130.98,182.0,28.0,0.0,23.99,3.0,260.0,0.1,818.3,805.5,3532.9375,9.0,0.0,1,0,0,0,0,0,0,1,0,0,0,0,0,0,0,1,0,0,1,9.498072443178012,9.36494809020263,-23.025850929940457,-23.025850929940457,7.300351267381005,7.374629015219008,0.0718925,0.99579346,1
940595,2024-09-26 13:27:21.826000+00:00,2024-09-26 13:38:03.181000+00:00,0.903,1.045,203.0,23,5029,89.92999999999999,300.0,3,31,21,1,0.99,0.15,1.6999999999999997,133.95,54.0,0.0,0.0,19.99,3.0,1.2,0.2,390.4,1676.3333333333333,1514.5666666666662,50.0,1585.17,1,0,0,0,0,1,0,0,0,0,0,0,0,0,0,1,0,1,0,8.42156296040101,8.46505743699573,9.104979856318367,6.620073206530489,6.201907789844162,6.2803958389603824,0.17815416666666667,0.95502985,1
940261,2024-09-26 11:37:27.083000+00:00,2024-09-26 11:42:46.849000+00:00,3.734,0.902,-583.0,10,1591,105.98,0.0,0,10,9,1,1.95,0.15,0.0,133.97,99.0,0.0,0.0,49.99,3.0,10.0,1.0,546.0,530.3333333333334,1980.0,13.0,40.599999999999994,1,0,0,0,0,0,0,0,1,0,0,0,0,0,1,0,0,0,1,8.689464412356708,8.58615939588098,-23.025850929940457,-23.025850929940457,6.181878273799479,6.298949246856126,0.0888238888888889,,0
935552,2024-09-25 19:29:45.721000+00:00,2024-09-26 17:05:44.587000+00:00,0.718,0.911,-604.0,28,9403,59.97,0.0,0,24,21,1,2.15,0.0,8.5,15.99,73.0,3.0,0.0,15.99,4.0,10.0,0.1,507.5,2350.75,1688.2475000000009,48.0,1968.240000000001,1,0,0,0,0,1,0,0,0,0,0,0,1,0,0,0,0,1,0,8.817742129574857,8.724044745953487,16.00156183470237,-23.025850929940457,6.274309941668424,6.317164686747464,21.599684999999997,0.9522251,1
917591,2024-09-22 19:53:00.333000+00:00,2024-09-25 01:59:02.610000+00:00,1.411,0.739,-749.0,8,2036,149.97,0.0,0,11,8,0,4.46,0.0,0.0,0.0,45.0,0.0,0.0,49.99,3.0,3.0,1.0,150.0,678.6666666666666,957.7666666666668,12.0,15.850000000000001,1,0,0,0,0,1,0,0,0,0,0,0,1,0,0,0,0,1,0,7.963112058979324,7.661527081358564,-23.025850929940457,-23.025850929940457,6.550923179838172,6.594413459749916,54.1006325,,0
925770,2024-09-24 03:08:58.642000+00:00,2024-09-27 04:14:07.340000+00:00,16.328,0.635,-970.0,5,163,604.92,0.0,0,17,3,0,2.0,0.0,5.499999999999999,44.99,59.0,0.0,0.0,99.99,2.0,125.0,0.2,300.6,81.5,1330.6999999999998,14.0,241.85,0,0,0,1,0,0,0,1,0,0,0,0,0,0,0,0,1,0,1,7.8864572709777265,7.433075348898639,-23.025850929940457,-23.025850929940457,6.8176445585312955,6.857514062545495,73.08574944444443,,0
936389,2024-09-25 22:32:41.408000+00:00,2024-09-25 22:38:15.481000+00:00,2.114,0.953,-783.0,32,7906,179.91,0.0,0,39,29,4,10.11,0.25,0.0,40.98,123.0,31.0,0.0,4.99,5.0,120.0,0.1,652.24,1581.2,3342.237999999998,53.0,0.0,1,0,0,0,0,1,0,0,0,0,0,0,0,0,0,1,0,1,0,9.723822464203389,9.67583384574404,17.903660137511554,-23.025850929940457,6.4931636505958235,6.568077911412116,0.09279805555555555,0.9602039,1
911070,2024-09-21 15:50:08.919000+00:00,2024-09-25 23:11:20.176000+00:00,12.89,0.845,-1504.0,12,751,935.94,0.0,0,15,6,0,904.2,0.5,0.0,51.980000000000004,88.0,0.0,0.0,15.99,1.0,500.0,0.2,1110.75,375.5,4840.3,13.0,0.0,1,0,0,0,0,0,0,1,0,0,0,0,0,0,0,1,0,0,1,9.177920480720083,9.008958312443498,-23.025850929940457,-23.025850929940457,7.256191376642149,7.29097477814305,103.35312694444444,,0
954615,2024-09-28 08:56:28.541000+00:00,2024-09-28 09:00:38.829000+00:00,1.872,0.842,-531.0,14,1799,121.97,0.0,0,10,14,0,112.65,0.25,15.499999999999995,123.96000000000001,89.0,0.0,3.0,19.99,2.0,100.0,0.05,250.0,927.0,1735.6750000000002,21.0,843.5400000000001,1,0,0,0,0,1,0,0,0,0,0,0,0,0,0,1,0,1,0,8.122074375362248,7.950502434808887,-23.025850929940457,-23.025850929940457,6.202333067546782,6.313548046277276,0.06952444444444444,0.90430176,1
941732,2024-09-26 18:36:47.773000+00:00,2024-09-26 18:52:28.219000+00:00,0.852,0.939,-911.0,35,17488,169.97,0.0,0,32,35,0,278.77,1.5,0.0,0.0,95.0,5.0,15.0,4.99,4.0,300.0,0.2,606.0,4372.0,3723.637499999999,24.0,0.0,0,0,0,0,1,1,0,0,0,0,0,0,0,0,0,1,0,1,0,9.60878086514739,9.545669097895324,-23.025850929940457,-23.025850929940457,6.702795398101679,6.744059186311465,0.261235,0.9708937,1
932104,2024-09-25 03:56:41.559000+00:00,2024-09-25 04:01:22.918000+00:00,0.438,1.145,150.0,26,2366,49.99,200.0,3,14,16,8,0.23,0.25,0.0,25.99,65.0,2.0,0.0,19.99,4.0,30.0,0.1,198.16,592.5,259.27500000000003,10.0,0.0,0,0,0,1,0,1,0,0,0,0,0,0,0,0,0,1,0,1,0,6.943122422819525,7.079184394609753,15.558032512976784,6.104793232415209,5.4418114661871995,5.48479693349107,0.07815527777777777,,0
930287,2024-09-24 22:28:02.869000+00:00,2024-09-24 22:30:20.300000+00:00,2.76,0.991,-79.0,21,3137,134.99,0.0,0,7,18,0,125.7,0.0,5.000000000000003,212.97000000000003,117.0,2.0,15.0,23.99,5.0,200.0,0.1,731.8,588.3333333333334,1508.2666666666664,5.0,1346.5000000000002,1,0,0,0,0,0,0,1,0,0,0,0,0,0,0,1,0,0,1,9.066123521215784,9.056839480990433,-23.025850929940457,-23.025850929940457,6.137575854751439,6.246106765481756,0.03817527777777778,,0
931206,2024-09-25 01:22:13.309000+00:00,2024-09-25 04:08:35.781000+00:00,0.58,1.004,13.0,26,5698,79.97,406.0,1,22,24,1,10.11,0.25,0.0,54.980000000000004,51.0,0.0,0.0,9.99,4.0,100.0,0.1,217.3,1424.5,826.1000000000001,8.0,0.0,0,0,0,1,0,0,0,0,0,0,1,0,0,1,0,0,0,0,1,8.102889134640899,8.106816038947082,10.085809109330087,6.006353159601979,5.828298349354063,5.934894195619852,2.772908888888889,0.9464617,1
922060,2024-09-23 13:14:58.787000+00:00,2024-09-24 15:20:21.024000+00:00,0.992,0.888,-2532.0,54,22756,399.96,500.0,3,45,52,5,111.56,0.0,5.3000000000000025,517.96,309.0,12.0,25.0,19.99,5.0,4.5,0.1,307.8,4283.666666666666,4264.191666666667,50.0,3824.1000000000004,0,0,0,0,1,0,0,1,0,0,0,0,0,0,0,1,0,0,1,10.024731259821497,9.905784911584817,16.596203849280567,6.907755278982237,8.124905873573809,8.174139343429498,26.089510277777777,0.9957898,1
946210,2024-09-27 09:09:15.603000+00:00,2024-09-27 09:13:52.192000+00:00,22.484,1.007,483.0,35,3205,150.97,0.0,0,4,33,0,7742.78,0.25,0.0,50.98,327.0,0.0,150.0,23.99,3.0,400.0,0.2,5871.1,1078.3333333333333,24800.08333333333,32.0,51717.63,1,0,0,0,0,0,0,1,0,0,0,0,0,0,1,0,0,0,1,11.185254384302086,11.191934768474708,-23.025850929940457,-23.025850929940457,5.525293563882821,5.703782474656534,0.07683027777777778,,0
930619,2024-09-24 23:34:29.497000+00:00,2024-09-24 23:56:05.466000+00:00,20.431,0.979,-2435.0,8,5765,799.96,0.0,0,12,8,3,60.0,0.5,0.0,23.99,412.0,47.0,100.0,23.99,2.0,50.0,0.5,3494.0,1921.6666666666667,39261.66666666667,13.0,813.0,0,0,0,1,0,1,0,0,0,0,0,0,0,0,0,1,0,1,0,11.676616207626708,11.6557262636019,18.578300542280793,-23.025850929940457,7.612771740112222,7.68202151082692,0.35999138888888893,0.9957633,1
953247,2024-09-28 05:40:42.440000+00:00,2024-09-28 05:59:16.243000+00:00,1.7,0.84,-994.0,9,3654,299.96999999999997,0.0,0,11,7,0,1.03,1.0,0.0,62.980000000000004,137.0,0.0,10.0,23.99,2.0,5.0,0.5,240.0,1910.5,3191.4250000000006,30.0,0.0,0,1,0,0,0,0,0,0,0,1,0,0,0,0,0,0,1,0,1,8.73391617492754,8.559486103606508,-23.025850929940457,-23.025850929940457,6.869939178897991,6.956545443151664,0.3093897222222223,,0
937076,2024-09-26 00:41:21.591000+00:00,2024-09-26 01:21:42.568000+00:00,1.429,0.907,-700.0,18,5254,249.97,0.0,0,10,15,8,27.21,2.0,0.0,0.0,69.0,0.0,0.0,1.99,4.0,12.0,0.05,509.55,1323.75,1878.0750000000005,25.0,0.0,1,0,0,0,0,0,0,0,1,0,0,0,1,0,0,0,0,0,1,8.923857580099897,8.826000545482982,15.129650806134546,-23.025850929940457,6.482954434567383,6.5235623061496595,0.6724936111111111,,0
936853,2024-09-26 00:00:57.906000+00:00,2024-09-26 00:11:30.180000+00:00,1.563,0.826,-618.0,11,2272,199.98,0.0,0,9,10,1,0.0,0.5,0.0,224.95999999999998,84.0,0.0,0.0,9.99,1.0,100.0,0.2,353.2,2272.0,3552.0000000000005,33.0,119.35000000000002,1,0,0,0,0,1,0,0,0,0,0,0,0,0,0,1,0,1,0,8.175266104112088,7.9841219587029615,12.676076274775909,-23.025850929940457,6.282098508445833,6.40357419793498,0.17563166666666666,0.90185213,1
942945,2024-09-26 22:54:36.192000+00:00,2024-09-26 22:58:24.731000+00:00,6.888,0.825,-2193.0,16,1819,699.93,0.0,0,22,15,1,100.69,0.15,8.999999999999996,349.95000000000005,193.0,0.0,10.0,23.99,4.0,100.0,0.1,298.6,454.75,3132.5124999999994,37.0,2738.9099999999994,1,0,0,0,0,1,0,0,0,0,0,0,0,0,0,1,0,1,0,9.435881047890122,9.243484970568494,-23.025850929940457,-23.025850929940457,7.600792453491689,7.667158255319195,0.06348305555555556,,0
924805,2024-09-24 00:30:50.874000+00:00,2024-09-24 14:52:12.235000+00:00,11.148,0.959,-186.0,19,409,119.97999999999999,0.0,0,13,11,1,403.88,1.0,0.0,39.98,152.0,0.0,60.0,23.99,4.0,250.0,0.1,488.16,142.0,1521.3333333333337,4.0,3253.3899999999994,1,0,0,0,0,0,0,1,0,0,0,0,0,0,0,1,0,0,1,8.425077902508454,8.383433201236736,14.58635924618807,-23.025850929940457,6.075047135849469,6.240275845170965,14.35593361111111,,0
932150,2024-09-25 04:04:51.109000+00:00,2024-09-25 04:16:17.820000+00:00,1.161,0.778,-638.0,13,2471,199.98,0.0,0,12,11,1,26.12,0.25,0.0,118.96000000000001,109.0,0.0,0.0,19.99,4.0,50.0,0.2,115.4,823.6666666666667,956.2166666666667,20.0,279.97,1,0,0,0,0,0,0,0,0,1,0,0,0,0,0,1,0,0,1,7.9617188159814,7.709756864454209,15.555976732804778,-23.025850929940457,6.270761563025512,6.4118182677100615,0.19075305555555555,0.92908233,1
948033,2024-09-27 18:20:42.278000+00:00,2024-09-27 18:24:38.737000+00:00,1.91,1.067,144.0,13,1133,259.94,600.0,1,17,6,7,0.9,0.5,0.0,0.0,32.0,0.0,0.0,4.99,3.0,100.0,0.1,656.0,566.5,1081.8999999999996,29.0,0.0,1,0,0,0,0,1,0,0,0,0,0,1,0,0,0,0,0,1,0,7.679713639966418,7.744136627628033,19.183759222206287,6.396929655216313,6.051689088903312,6.091309882077924,0.06568305555555555,0.92042875,1
838187,2024-09-09 22:48:00.389000+00:00,2024-09-28 06:10:24.883000+00:00,24.358,0.839,-2488.0,11,636,1273.86,0.0,0,23,10,1,0.02,0.15,0.0,173.96999999999997,365.0,0.0,75.0,49.99,1.0,400.0,0.05,937.6,636.0,15491.7,12.0,12087.740000000003,1,0,0,0,0,1,0,0,0,0,0,0,0,0,0,1,0,1,0,9.648079040634649,9.473012281423804,16.793811789788585,-23.025850929940457,7.660948090246143,7.712890961490174,439.3734705555555,,0
857829,2024-09-12 23:37:13.863000+00:00,2024-09-26 03:39:58.653000+00:00,2.7,0.954,-871.0,23,7024,249.95000000000002,0.0,0,26,20,0,2.75,0.0,0.0,0.0,78.0,5.0,0.0,19.99,4.0,7.5,0.1,821.25,1756.0,4741.924999999999,2.0,0.0,1,0,0,0,0,0,0,1,0,0,0,0,0,0,1,0,0,0,1,9.850508627745247,9.803501457660207,-23.025850929940457,-23.025850929940457,6.67170377736727,6.714170529909593,316.045775,0.96883094,1
940389,2024-09-26 12:23:05.810000+00:00,2024-09-26 12:37:39.521000+00:00,0.803,1.085,767.0,37,11204,209.94000000000003,800.0,3,26,32,8,198.84,1.0,0.0,92.96000000000001,126.0,5.0,0.0,1.99,4.0,2.0,0.1,1058.52,2801.0,2248.4625000000015,13.0,1672.5800000000002,1,0,0,0,0,0,0,0,0,1,0,0,0,0,0,1,0,0,1,9.104312967330664,9.186150133174975,16.468188983531498,7.313886831633528,6.756630017956683,6.826545223556702,0.2426975,,0
944292,2024-09-27 02:38:30.854000+00:00,2024-09-27 04:00:02.320000+00:00,2.866,0.923,-1051.0,13,4739,199.98,0.0,0,11,9,0,57.34,0.5,6.900000000000001,325.96000000000004,124.0,0.0,0.0,23.99,3.0,7.5,0.1,480.0,2369.5,6791.125000000001,19.0,3318.95,0,0,0,0,1,0,0,0,1,0,0,0,1,0,0,0,0,0,1,9.516500665673744,9.435960853165293,-23.025850929940457,-23.025850929940457,6.830755437093377,6.911747300251774,1.3587405555555556,0.9613636,1
916451,2024-09-22 15:33:40.615000+00:00,2024-09-26 06:31:24.898000+00:00,7.701,0.99,-645.0,44,8158,135.99,0.0,0,6,33,5,6014.06,0.5,0.0,242.98000000000002,162.0,19.0,10.0,19.99,4.0,187.5,0.05,2289.6,2039.75,15706.662500000002,16.0,25202.999999999996,1,0,0,0,0,0,0,0,0,1,0,0,0,0,0,1,0,0,1,11.048124279515518,11.037804765825015,17.021884559689507,-23.025850929940457,6.1798924223339045,6.25766758788283,86.96230083333333,,0
936239,2024-09-25 22:04:33.707000+00:00,2024-09-25 22:11:15.913000+00:00,0.805,0.858,-1047.0,37,9159,199.98,150.0,1,17,32,4,504.14,0.15,0.0,78.97,129.0,0.0,0.0,23.99,5.0,30.0,0.1,275.1,1831.8,1474.696,36.0,894.8499999999999,0,0,0,0,1,0,0,0,0,1,0,0,0,0,0,0,1,0,1,8.905579957989664,8.75242340386561,17.13208062758511,5.0106352940969225,6.97898697576183,7.058758152518751,0.1117238888888889,,0
942302,2024-09-26 20:48:50.024000+00:00,2024-09-26 21:40:56.875000+00:00,4.533,0.984,-811.0,24,10849,169.97,0.0,0,11,19,0,1065.61,0.15,0.0,96.97999999999999,118.0,0.0,20.0,19.99,4.0,10.0,0.4,1914.0,2712.25,12294.049999999997,20.0,4463.609999999999,0,0,1,0,0,0,0,0,0,1,0,0,0,0,1,0,0,0,1,10.803160978586847,10.786552366511659,-23.025850929940457,-23.025850929940457,6.532174162954162,6.617402977974611,0.8685697222222223,0.957919,1
951340,2024-09-28 00:57:51.105000+00:00,2024-09-28 00:59:35.373000+00:00,4.408,0.741,-1981.0,8,1732,910.89,50.0,1,24,5,1,0.0,0.25,0.0,161.96,170.0,0.0,0.0,23.99,2.0,10.0,0.4,350.0,1732.0,7635.4,13.0,3975.45,0,0,0,0,1,0,0,1,0,0,0,0,0,0,0,0,1,0,1,8.940498217652745,8.640118538253553,13.969946911268693,3.912023005430146,7.529277555866836,7.596894438144594,0.028963333333333334,0.9957633,1
950849,2024-09-27 23:17:08.559000+00:00,2024-09-27 23:18:42.974000+00:00,30.436,1.083,1799.0,11,713,523.93,1800.0,2,11,11,0,889.44,0.25,0.0,23.99,173.0,0.0,60.0,99.99,1.0,100.0,0.4,1512.48,356.5,10850.45,4.0,0.0,0,0,1,0,0,0,0,1,0,0,0,1,0,0,0,0,0,0,1,9.985113621416078,10.064755700132254,-23.025850929940457,7.93588430036078,6.714037025852692,6.800170068302311,0.02622638888888889,,0
662991,2024-08-06 09:36:28.008000+00:00,2024-09-24 10:26:04.265000+00:00,0.487,1.139,509.0,32,7532,27.99,300.0,5,9,27,0,2.27,2.0,0.0,94.96,68.0,14.0,0.0,14.99,5.0,4.0,0.05,416.48,1883.0,916.1124999999995,11.0,161.19000000000005,0,0,0,0,1,0,0,0,0,0,1,0,0,0,1,0,0,0,1,8.206310725794049,8.33663008763717,-23.025850929940457,6.620073206530489,5.164271555919544,5.375278407684628,1176.8267380555556,,0
938997,2024-09-26 05:47:21.172000+00:00,2024-09-26 05:54:08.334000+00:00,1.295,0.951,-215.0,25,3404,79.96,150.0,1,15,21,7,21.4,0.25,0.0,47.97,76.0,14.0,0.0,9.99,4.0,100.0,0.05,174.0,851.0,1101.9750000000001,19.0,157.92,0,0,0,1,0,1,0,0,0,0,0,0,0,0,0,1,0,1,0,8.391176350832772,8.341171747170787,16.362903624763714,5.0106352940969225,5.590427122327342,5.72031177660774,0.11310055555555555,,0
938696,2024-09-26 04:52:15.714000+00:00,2024-09-26 04:56:04.328000+00:00,1.523,0.99,-15.0,15,961,180.97,412.52,2,8,8,6,1.0,0.5,0.0,104.97999999999999,78.0,0.0,0.0,99.99,4.0,120.0,0.2,396.54,240.25,365.88750000000005,7.0,0.0,1,0,0,0,0,0,0,0,0,1,0,1,0,0,0,0,0,0,1,7.288927694521325,7.2786289423207515,16.513752144837706,6.28506656207094,6.163146368797802,6.285998094509051,0.06350388888888889,,0
930257,2024-09-24 22:20:57.512000+00:00,2024-09-24 22:28:33.634000+00:00,0.927,0.956,-528.0,32,13096,149.98,0.0,0,10,30,2,938.82,2.0,0.0,168.97,220.0,33.0,0.0,24.99,5.0,20.0,0.1,544.68,2303.6666666666665,2170.2750000000005,70.0,3257.650000000001,1,0,0,0,0,0,0,0,0,1,0,1,0,0,0,0,0,0,1,9.40384911816071,9.359363643368631,11.626254150277232,-23.025850929940457,6.232251533594983,6.380122536899934,0.12670055555555557,0.9426936,1
587758,2024-07-18 06:47:40.840000+00:00,2024-09-27 09:36:44.257000+00:00,0.907,0.864,-661.0,24,5365,188.96,0.0,0,18,12,2,0.08,0.0,0.0,38.99,47.0,0.0,3.0,19.99,3.0,6.0,0.1,501.0,1792.0,1621.5499999999988,12.0,156.79,1,0,0,0,0,1,0,0,0,0,0,0,0,0,0,1,0,1,0,8.489616423646023,8.34355383500514,17.42977421869742,-23.025850929940457,6.4197017255585065,6.466144724237775,1706.8176158333335,0.9391067,1
931281,2024-09-25 01:34:04.469000+00:00,2024-09-25 01:41:50.928000+00:00,1.664,0.84,-495.0,14,1864,399.96,0.0,0,5,9,2,350.74,0.15,0.0,23.99,72.0,0.0,0.0,23.99,4.0,200.0,0.2,234.7,466.0,775.2000000000002,2.0,0.0,1,0,0,0,0,0,0,1,0,0,0,0,0,0,0,0,1,0,1,8.039479919100481,7.865571757684829,15.815773601767024,-23.025850929940457,6.049615523750248,6.173786103902145,0.12957194444444445,0.9039429,1
930873,2024-09-25 00:24:49.823000+00:00,2024-09-25 00:28:33.362000+00:00,7.694,1.016,483.0,21,4012,149.92999999999998,0.0,0,33,16,2,3248.92,0.25,0.0,0.0,58.0,0.0,0.0,19.99,4.0,800.0,0.6,5200.0,1002.9999999999999,7717.262499999999,23.0,1340.0,1,0,0,0,0,0,0,0,0,1,0,0,0,0,0,1,0,0,1,10.337507723061568,10.35303333987947,12.700768887366282,-23.025850929940457,6.213947880526512,6.246106765481756,0.062094166666666666,,0
640015,2024-08-01 03:18:39.658000+00:00,2024-09-25 08:45:12.656000+00:00,2.02,1.017,190.0,38,5540,209.91,800.0,3,41,27,4,400.77,0.25,28.900000000000006,246.94,234.0,78.0,0.0,5.99,5.0,10.0,0.1,582.0,1385.0,2798.05,30.0,8948.929999999998,1,0,0,0,0,0,0,0,0,1,0,0,0,0,0,1,0,1,0,9.322954516345327,9.339788439163078,15.305489030361047,7.438383530044367,7.151947739484132,7.216709486709531,1325.4424994444444,0.9957898,1
930874,2024-09-25 00:24:54.961000+00:00,2024-09-25 00:26:48.415000+00:00,5.867,0.749,-2855.0,13,1939,899.95,0.0,0,21,8,0,24.05,0.15,0.0,23.99,232.0,0.0,0.0,23.99,4.0,40.0,0.8,1080.0,646.3333333333334,3791.983333333333,12.0,0.0,1,0,0,0,0,0,0,1,0,0,0,0,0,0,0,0,1,0,1,9.339261152043031,9.050171619823374,-23.025850929940457,-23.025850929940457,7.872375116373602,7.9359451033537365,0.031515,0.995783,1
932585,2024-09-25 05:31:17.802000+00:00,2024-09-25 05:45:20.289000+00:00,0.799,0.853,-1106.0,39,9384,119.97,0.0,0,41,35,1,145.35,1.0,0.0,23.99,118.0,0.0,0.0,23.99,4.0,3.75,0.25,91.96,2346.0,1875.4499999999998,12.0,0.0,0,0,0,0,1,0,0,0,0,1,0,0,0,1,0,0,0,0,1,8.922924930641846,8.763271714012959,12.007621706806336,-23.025850929940457,6.90031768855101,6.971668604725884,0.23402416666666664,,0
942581,2024-09-26 21:48:29.058000+00:00,2024-09-26 21:54:11.098000+00:00,7.657,0.676,-2227.0,3,898,1726.82,0.0,0,22,3,0,0.0,0.0,0.0,50.98,176.0,0.0,0.0,23.99,1.0,10.0,0.1,500.0,898.0,6875.700000000003,2.0,3431.0,1,0,0,0,0,1,0,0,0,0,0,0,0,0,0,1,0,1,0,8.835792366502755,8.444407421690606,-23.025850929940457,-23.025850929940457,7.625975487570252,7.691656822810592,0.09501111111111112,,0
943860,2024-09-27 01:33:22.248000+00:00,2024-09-27 04:14:39.489000+00:00,0.53,0.919,-154.0,16,3613,89.97,179.68,2,14,11,0,120.15,0.5,0.0,69.97,71.0,4.0,0.0,19.99,3.0,2.0,0.2,148.02,1806.5,957.6000000000001,22.0,1377.8100000000004,0,0,0,0,1,0,0,0,1,0,0,1,0,0,0,0,0,0,1,7.557472901614799,7.473637108496263,-23.025850929940457,5.762302923468524,5.991114485843936,6.118097198041569,2.6881225,0.9091227,1
930108,2024-09-24 21:51:29.852000+00:00,2024-09-24 21:55:50.827000+00:00,2.758,1.335,901.0,9,975,122.97,0.0,0,10,9,4,0.06,0.5,22.999999999999996,106.96,50.0,0.0,0.0,4.99,3.0,300.0,0.1,1162.4,711.5,2805.5875,41.0,29.009999999999998,0,0,0,1,0,1,0,0,0,0,0,0,0,0,0,1,0,1,0,7.896924656268902,8.185907481482353,15.02202014194218,-23.025850929940457,5.567962751514048,5.6131281063884355,0.07249305555555556,0.92147017,1
951666,2024-09-28 02:05:15.951000+00:00,2024-09-28 02:08:27.903000+00:00,25.108,0.835,-2277.0,5,551,675.96,0.0,0,17,5,0,0.0,0.0,0.0,411.97,165.0,0.0,0.0,99.99,1.0,400.0,1.0,1137.3,551.0,13834.5,9.0,1164.65,0,1,0,0,0,0,0,1,0,0,0,0,0,0,0,1,0,0,1,9.534956892221034,9.355133116877733,-23.025850929940457,-23.025850929940457,7.655310149162268,7.713337888871915,0.05332,0.9957633,1
957692,2024-09-28 20:17:17.585000+00:00,2024-09-28 20:20:26.782000+00:00,1.791,0.491,-924.0,7,1013,259.88,0.0,0,31,6,1,4.9,0.0,0.0,0.0,54.0,0.0,0.0,19.99,2.0,5.0,0.25,93.0,506.5,907.1750000000001,9.0,0.0,1,0,0,0,0,0,0,0,1,0,0,0,0,0,0,1,0,0,1,7.503289630675137,6.791221462726298,8.987196820661985,-23.025850929940457,6.768136826311953,6.813444599511006,0.052554722222222225,0.91151315,1
933412,2024-09-25 08:51:47.136000+00:00,2024-09-25 08:58:01.825000+00:00,4.163,0.955,-1250.0,29,6606,309.92,0.0,0,30,24,0,50.0,0.15,0.0,15.99,134.0,0.0,0.0,15.99,5.0,800.0,0.05,2082.0,1321.2,5499.972000000001,38.0,13566.620000000003,0,0,0,0,1,0,0,0,0,1,0,0,0,0,0,1,0,0,1,10.221941283654667,10.175421268019774,-23.025850929940457,-23.025850929940457,7.017237289599223,7.079184394609753,0.10408027777777779,,0
934251,2024-09-25 13:36:16.430000+00:00,2024-09-25 13:49:55.983000+00:00,1.244,0.699,-558.0,13,1492,135.99,0.0,0,5,8,4,0.12,1.0,0.0,160.98000000000002,97.0,2.0,0.0,24.99,3.0,50.0,0.05,111.72,746.0,928.125,30.0,462.1400000000001,1,0,0,0,0,0,0,0,0,1,0,0,0,0,0,0,1,0,1,7.526178913346199,7.168579897264112,14.908386424780447,-23.025850929940457,6.13328957724482,6.291569139558505,0.2276536111111111,0.91237944,1
281449,2024-03-24 22:11:24.787000+00:00,2024-09-25 20:13:13.905000+00:00,8.103,0.972,-1004.0,31,4408,323.94,0.0,0,15,19,7,0.5,1.75,0.0,78.96,250.0,25.0,0.0,49.99,4.0,30.0,0.1,2240.0,1102.0,8929.5,7.0,7244.18,1,0,0,0,0,0,0,1,0,0,0,0,0,0,0,0,1,0,1,10.483410042381449,10.45489834278083,19.68001237716948,-23.025850929940457,6.62519340922506,6.706862336602869,4438.030310555556,0.97254026,1
936165,2024-09-25 21:51:14.365000+00:00,2024-09-25 22:03:08.625000+00:00,3.998,0.898,-5801.0,23,14282,899.95,0.0,0,37,21,0,173.91,0.5,0.0,0.0,393.0,5.0,0.0,99.99,2.0,10.0,0.1,1059.0,4772.333333333333,19047.033333333333,16.0,0.0,1,0,0,0,0,0,0,1,0,0,0,0,0,0,0,0,1,0,1,10.952664468932818,10.845543492296311,-23.025850929940457,-23.025850929940457,8.595935977634802,8.648221453822659,0.19840555555555556,0.99579346,1
931672,2024-09-25 02:46:09.855000+00:00,2024-09-25 02:53:07.043000+00:00,18.769,0.897,-6445.0,11,3342,1499.85,0.0,0,48,11,0,0.37,0.0,30.799999999999983,516.96,930.0,160.0,300.0,23.99,2.0,1800.0,0.05,2400.0,1671.0,31363.0,7.0,54097.700000000004,0,0,1,0,0,0,0,0,1,0,0,0,0,0,0,1,0,0,1,11.046531313714159,10.938112279371824,-23.025850929940457,-23.025850929940457,8.615502505680983,8.676928249537413,0.11588555555555555,0.995783,1
950696,2024-09-27 22:44:55.423000+00:00,2024-09-27 22:46:02.374000+00:00,4.634,0.961,-329.0,12,1832,655.9399999999999,600.0,2,11,12,0,700.0,2.0,0.0,179.98000000000002,152.0,0.0,0.0,23.99,3.0,6.0,1.25,661.2,610.6666666666666,2829.75,20.0,0.0,0,0,0,1,0,0,0,0,0,1,0,0,0,0,0,1,0,1,0,9.04652648673798,9.007121989469255,-23.025850929940457,6.907755278982237,7.073176492775526,7.16317239084672,0.0185975,,0
959821,2024-09-29 03:22:24.462000+00:00,2024-09-29 03:25:45.783000+00:00,3.118,0.586,-2481.0,5,1922,799.92,0.0,0,23,5,0,0.0,0.0,0.0,291.97,192.0,5.0,0.0,15.99,1.0,5.0,1.0,210.8,1922.0,5993.0,5.0,522.0,0,0,1,0,0,0,0,1,0,0,0,0,0,0,0,0,1,0,1,8.698347400458202,8.163940954755036,-23.025850929940457,-23.025850929940457,7.737079723759233,7.799753318287289,0.0559225,0.9957633,1
572549,2024-07-13 23:42:44.330000+00:00,2024-09-27 00:52:26.189000+00:00,1.91,0.92,-625.0,16,4072,429.90000000000003,770.5,1,42,14,1,2.1,0.15,0.0,8.99,88.0,0.0,0.0,19.99,3.0,7.5,0.3,720.2,2036.0,3888.075,16.0,1780.0500000000002,1,0,0,0,0,1,0,0,0,0,0,0,0,1,0,0,0,1,0,8.958797346140289,8.87500748604841,-23.025850929940457,6.647039654760301,7.16902663875457,7.206377291472327,1801.1616275000001,,0
936583,2024-09-25 23:13:46.971000+00:00,2024-09-25 23:16:25.054000+00:00,0.986,0.897,-565.0,10,5574,99.98,0.0,0,14,10,0,17.59,2.0,0.0,144.96,104.0,0.0,0.0,24.99,3.0,2.0,0.1,501.9,1393.5,1373.5249999999999,11.0,66.15,0,0,1,0,0,0,0,0,0,1,0,0,1,0,0,0,0,0,1,8.611411866655237,8.502891406705398,-23.025850929940457,-23.025850929940457,6.130922095334072,6.285998094509051,0.04391194444444444,,0
940256,2024-09-26 11:35:51.842000+00:00,2024-09-26 11:39:56.301000+00:00,20.242,1.143,5222.0,22,1806,299.97,5000.0,2,20,15,9,2327.07,0.5,6.8999999999999995,266.96,180.0,0.0,15.0,23.99,4.0,2000.0,0.1,7407.5,451.5,9139.35,14.0,25169.519999999997,1,0,0,0,0,1,0,0,0,0,0,0,0,0,0,1,0,1,0,10.506627965308459,10.640173035110559,18.10403456572537,8.84050781649674,7.317743475817952,7.387090235656819,0.06790527777777777,,0
940666,2024-09-26 13:49:04.723000+00:00,2024-09-26 14:01:01.856000+00:00,0.946,0.96,-102.0,21,2702,219.96,430.0,1,13,14,0,0.09,0.5,0.0,54.980000000000004,65.0,3.0,2.0,15.99,4.0,40.0,0.1,162.0,911.0,853.5500000000003,28.0,0.0,0,0,0,1,0,1,0,0,0,0,0,0,0,0,0,1,0,1,0,7.846589975291225,7.806289289267074,-23.025850929940457,6.0637852086878405,6.120011663841353,6.218600119691929,0.19920361111111112,,0
706867,2024-08-15 18:23:12.947000+00:00,2024-09-25 05:36:26.667000+00:00,0.395,1.103,259.0,34,6377,174.96,400.0,8,19,24,4,0.13,0.25,0.0,0.0,38.0,0.0,0.0,4.99,4.0,4.0,0.05,352.0,2125.6666666666665,840.1666666666656,3.0,0.0,0,0,0,0,1,0,0,0,1,0,0,0,0,0,0,0,1,0,1,7.83241092718796,7.92984642974254,12.837344422372032,6.788971742992283,6.383185637424056,6.42162226780668,971.2204777777779,0.96302277,1
483454,2024-06-17 03:34:58.517000+00:00,2024-09-25 03:58:49.968000+00:00,6.637,0.926,-2363.0,17,4833,689.89,0.0,0,29,14,0,5.24,0.0,4.900000000000002,285.97,216.0,20.0,25.0,14.99,4.0,12.5,0.1,745.7,1208.25,8019.200000000001,7.0,14890.0,1,0,0,0,0,0,1,0,0,0,0,0,0,1,0,0,0,0,1,10.375894541398065,10.299339939461236,-23.025850929940457,-23.025850929940457,7.675875414633081,7.736307096548329,2400.3976252777775,,0
936574,2024-09-25 23:11:55.052000+00:00,2024-09-25 23:16:45.589000+00:00,5.102,0.719,-1172.0,6,818,599.9399999999999,0.0,0,15,4,0,77.3,0.25,0.0,78.98,93.0,0.0,0.0,15.99,2.0,200.0,0.1,276.0,272.66666666666663,1391.1833333333332,8.0,1.55,1,0,0,0,0,0,0,1,0,0,0,1,0,0,0,0,0,0,1,8.33663008763717,8.0067008454404,-23.025850929940457,-23.025850929940457,6.9836509379854865,7.053585727193763,0.08070472222222222,0.9796808,1
931653,2024-09-25 02:43:46.768000+00:00,2024-09-25 02:48:38.270000+00:00,16.546,0.943,-1184.0,6,1251,699.96,0.0,0,8,6,0,0.0,0.25,0.0,23.99,160.0,22.0,0.0,23.99,1.0,200.0,2.5,2015.0,1251.0,20699.0,9.0,0.0,0,0,0,1,0,1,0,0,0,0,0,1,0,0,0,0,0,1,0,9.937840668907794,9.87893867961472,-23.025850929940457,-23.025850929940457,6.931393677547634,7.014814351275635,0.08097277777777778,0.969827,1
930029,2024-09-24 21:34:36.764000+00:00,2024-09-24 21:38:29.803000+00:00,1.032,1.008,61.0,39,7038,134.99,500.0,3,23,31,3,200.34,1.0,10.69999999999999,215.97000000000003,119.0,0.0,0.0,49.99,5.0,75.0,0.2,435.0,1407.6,1453.32,25.0,2396.9900000000002,1,0,0,0,0,0,0,1,0,0,0,0,0,0,0,1,0,0,1,8.89109883061665,8.899321434159978,15.4170674969475,7.047517221357383,6.878089571026484,6.944087208229623,0.06473305555555556,,0
936416,2024-09-25 22:37:27.319000+00:00,2024-09-25 22:42:34.900000+00:00,0.946,1.037,101.0,9,2873,94.98,0.0,0,6,8,2,93.86,0.25,5.7,134.96,78.0,0.0,0.0,9.99,4.0,2.0,0.2,202.2,718.25,679.2499999999999,16.0,929.11,0,0,0,1,0,1,0,0,0,0,0,0,0,0,0,0,1,1,0,7.9072836094263845,7.943782692458661,13.306017379432062,-23.025850929940457,5.272691818909577,5.4889377261571,0.08543916666666668,0.90469766,1
929906,2024-09-24 21:08:10.774000+00:00,2024-09-24 21:11:21.278000+00:00,1.127,1.096,565.0,17,5227,237.96999999999997,800.26,4,12,14,2,113.85,0.15,0.0,197.96,151.0,16.0,0.0,23.99,3.0,30.0,0.05,340.0,1306.75,1472.175,31.0,508.49999999999994,0,0,0,1,0,0,0,0,0,1,0,0,0,0,0,1,0,0,1,8.680841482944588,8.772455372611923,13.345506928718539,7.354394319673155,6.742739116344654,6.838405200847451,0.05291777777777777,,0
935324,2024-09-25 18:34:44.961000+00:00,2024-09-25 18:40:42.002000+00:00,4.183,0.988,-549.0,31,11346,154.96,0.0,0,14,23,8,772.86,1.0,0.0,23.99,100.0,5.0,0.0,23.99,4.0,30.0,0.1,3000.0,2836.5,11863.6625,39.0,0.0,1,0,0,0,0,1,0,0,0,0,0,1,0,0,0,0,0,1,0,10.767537172564595,10.755900878021524,15.304256583132334,-23.025850929940457,6.106711035112592,6.220590170099938,0.09917805555555556,0.93258524,1
951111,2024-09-28 00:12:49.158000+00:00,2024-09-28 00:15:40.982000+00:00,1.711,0.841,-1049.0,14,3851,119.97,0.0,0,22,14,0,71.62,0.5,27.19999999999998,15.99,314.0,45.0,150.0,49.99,2.0,43.2,0.1,240.2,1925.5,3295.0999999999995,11.0,0.0,0,0,0,1,0,1,0,0,0,0,0,0,0,0,0,1,0,1,0,8.793308627496568,8.619930268867368,-23.025850929940457,-23.025850929940457,6.6009311610021255,6.6720329454611935,0.04772888888888889,,0
935615,2024-09-25 19:43:40.595000+00:00,2024-09-25 19:44:51.264000+00:00,1.685,0.916,-560.0,12,3943,199.98,0.0,0,6,9,1,0.81,1.0,0.0,59.980000000000004,102.0,0.0,0.0,23.99,5.0,5.0,0.5,559.5,1314.3333333333333,2214.2999999999997,12.0,0.0,1,0,0,0,0,0,0,1,0,0,0,0,0,0,0,1,0,0,1,8.801318947665257,8.713253274320722,12.42118402514712,-23.025850929940457,6.131096046193393,6.253828811575666,0.019630277777777778,,0
800833,2024-09-03 18:15:28.956000+00:00,2024-09-26 03:04:59.849000+00:00,14.444,0.966,-1278.0,17,2601,766.9100000000001,0.0,0,17,9,2,0.18,0.5,0.0,0.0,98.0,0.0,0.0,99.99,3.0,100.0,0.1,4665.0,867.0,12522.999999999998,5.0,0.0,1,0,0,0,0,1,0,0,0,0,0,0,0,0,0,1,0,1,0,10.533934521232144,10.499352610289522,15.086674611830533,-23.025850929940457,7.076510224054204,7.122866658599163,536.8252480555556,,0
598153,2024-07-21 05:48:48.505000+00:00,2024-09-26 04:06:51.967000+00:00,1.088,0.643,-993.0,20,2558,364.95,0.0,0,20,5,4,4.0,0.5,0.0,14.99,87.0,0.0,0.0,14.99,4.0,100.0,0.2,83.85,1279.0,1391.75,10.0,0.0,1,0,0,0,0,1,0,0,0,0,0,1,0,0,0,0,0,1,0,7.931644021454346,7.489970898834857,15.323723834630508,-23.025850929940457,6.807713924802021,6.884486652042885,1606.3009616666668,0.9218675,1
934834,2024-09-25 16:25:38.641000+00:00,2024-09-25 18:20:13.327000+00:00,0.519,0.828,-633.0,26,7119,149.98,0.0,0,8,23,2,20.57,0.25,0.0,15.99,68.0,5.0,0.0,15.99,4.0,50.0,0.1,86.36,1794.25,925.8625,33.0,0.0,1,0,0,0,0,0,0,0,0,1,0,0,0,0,0,1,0,1,0,8.21392359562277,8.025843344150935,16.513200610916346,-23.025850929940457,6.338452725457347,6.423246963533682,1.909635,0.9316299,1
937372,2024-09-26 01:28:34.335000+00:00,2024-09-26 01:47:53.035000+00:00,1.553,0.912,-1234.0,51,9035,149.97,0.0,0,58,34,22,0.07,0.25,0.0,0.0,100.0,0.0,15.0,99.99,4.0,24.75,0.1,1247.5,2258.75,3508.487500000001,36.0,0.0,1,0,0,0,0,0,0,1,0,0,0,0,0,0,0,1,0,0,1,9.549238235812242,9.457200449907717,17.96550691167768,-23.025850929940457,7.039151894590889,7.072421900537456,0.3218611111111111,,0
928962,2024-09-24 17:14:26.467000+00:00,2024-09-24 17:16:27.308000+00:00,0.543,2.074,1467.0,38,2514,149.98,1342.49,2,12,9,6,0.14,0.15,9.399999999999995,126.95,89.0,11.0,0.0,23.99,5.0,300.0,0.05,1427.4,487.3333333333333,607.4749999999999,6.0,2144.72,1,0,0,0,0,0,0,0,0,1,0,0,0,0,0,1,0,0,1,7.218909707619133,7.948738454813646,14.32032796851103,7.323665644951906,5.848978898811515,5.991464547108232,0.03356694444444444,,0
942733,2024-09-26 22:15:19.255000+00:00,2024-09-27 00:25:38.052000+00:00,1.922,0.998,-52.0,36,16397,125.97999999999999,0.0,0,18,33,5,973.82,0.5,0.0,115.96000000000001,97.0,4.0,10.0,4.99,3.0,20.0,0.1,720.0,5465.666666666667,10505.216666666667,73.0,7911.21,1,0,0,0,0,0,0,0,0,1,0,0,0,0,0,1,0,0,1,10.358250632365582,10.356599314111648,16.213451284275074,-23.025850929940457,6.01815516236127,6.124683390894424,2.1718880555555553,,0
929242,2024-09-24 18:30:45.489000+00:00,2024-09-24 18:47:30.535000+00:00,0.723,0.952,-263.0,38,7513,159.95,300.0,2,38,30,1,1.1,0.25,0.0,133.95000000000002,95.0,8.0,0.0,1.99,5.0,20.0,0.1,378.0,1775.3333333333335,1417.7999999999997,4.0,3638.649999999999,1,0,0,0,0,0,1,0,0,0,0,0,0,0,0,1,0,0,1,8.599694412927999,8.549853973655805,12.618182296357007,6.214608098422392,6.508202657625724,6.602587892189472,0.2791794444444445,0.9715443,1
936950,2024-09-26 00:17:46.740000+00:00,2024-09-26 00:28:33.670000+00:00,4.256,0.988,-528.0,34,10362,199.99,0.0,0,5,32,0,2002.18,1.0,0.0,62.99,94.0,19.0,0.0,19.99,3.0,320.0,0.05,1079.0,3454.0,14699.61666666667,88.0,0.0,1,0,0,0,0,1,0,0,0,0,0,0,1,0,0,0,0,1,0,10.69419238544088,10.682147070420289,-23.025850929940457,-23.025850929940457,6.0706222478940415,6.129050210060763,0.17970277777777777,0.9188282,1
638577,2024-07-31 20:53:25.198000+00:00,2024-09-26 23:16:20.268000+00:00,2.991,1.081,457.0,27,1881,199.98,1006.05,1,9,9,0,1849.55,0.0,0.0,0.0,69.0,0.0,0.0,49.99,3.0,10.0,0.1,1197.0,630.3333333333334,1875.8,12.0,0.0,1,0,0,0,0,0,0,0,0,1,0,0,0,0,0,1,0,0,1,8.63515398904982,8.713253274320722,-23.025850929940457,6.913787051213955,6.173598586321822,6.218600119691929,1370.381963888889,0.9469923,1
930709,2024-09-24 23:53:23.449000+00:00,2024-09-24 23:59:38.050000+00:00,0.7,0.97,-46.0,20,2175,114.96999999999998,275.0,2,21,16,4,7.0,0.25,0.0,47.97,53.0,2.0,0.0,4.99,3.0,100.0,0.05,307.6,568.0,385.32250000000005,26.0,351.90000000000003,1,0,0,0,0,0,0,1,0,0,0,0,0,0,0,1,0,0,1,7.327780538421697,7.297091005160485,15.42188377902553,5.7838251823300455,5.761390787276829,5.869296913134057,0.10405583333333333,0.9159103,1
938693,2024-09-26 04:51:55.916000+00:00,2024-09-26 04:59:50.552000+00:00,5.516,0.726,-2266.0,6,1497,770.9300000000001,0.0,0,17,5,1,0.0,0.15,0.0,306.98,163.0,0.0,0.0,99.99,2.0,8.0,1.0,955.6,748.5,4128.775,9.0,229.50000000000003,1,0,0,0,0,0,0,1,0,0,0,1,0,0,0,0,0,0,1,9.018937706446048,8.698013622083941,-23.025850929940457,-23.025850929940457,7.6529397271129875,7.711101251840203,0.13184333333333334,,0
928387,2024-09-24 14:42:11.405000+00:00,2024-09-24 14:54:12.416000+00:00,2.747,0.961,-552.0,33,5112,95.96000000000001,0.0,0,18,25,13,443.83,0.15,0.0,133.95,183.0,16.0,20.0,15.99,4.0,500.0,0.05,675.0,852.0,2340.6333333333337,8.0,578.1500000000001,0,0,0,1,0,0,0,0,0,1,0,0,0,0,0,1,0,0,1,9.54995053728833,9.509852196181548,19.877099729218827,-23.025850929940457,5.910308720147244,6.030685260261504,0.20028083333333332,,0
936158,2024-09-25 21:50:18.402000+00:00,2024-09-25 22:17:26.425000+00:00,1.804,0.759,-723.0,21,1665,273.96,0.0,0,9,7,20,1.71,0.15,0.0,188.96999999999997,85.0,0.0,0.0,99.99,4.0,10.0,1.0,320.0,416.25,751.0,6.0,754.4399999999999,0,0,0,0,1,1,0,0,0,0,0,0,0,0,0,1,0,1,0,8.007700012884058,7.732369222284432,18.359795063062975,-23.025850929940457,6.459763599387671,6.566672429803382,0.45222861111111107,,0
934011,2024-09-25 12:07:29.134000+00:00,2024-09-25 12:27:08.898000+00:00,1.722,0.892,-1040.0,17,5589,306.96999999999997,0.0,0,11,14,8,51.29,0.5,18.400000000000006,401.96000000000004,189.0,32.0,0.0,49.99,5.0,200.0,0.2,1500.0,1397.25,2406.5625,8.0,2527.58,1,0,0,0,0,0,0,0,1,0,0,0,0,0,0,1,0,0,1,9.172223049863065,9.057888248784517,17.985358309048635,-23.025850929940457,6.74745741051306,6.840546529288794,0.3277122222222222,,0
929613,2024-09-24 20:00:33.564000+00:00,2024-09-24 22:34:17.038000+00:00,2.44,0.879,-883.0,32,2988,189.95000000000002,0.0,0,20,11,1,2.28,0.25,0.0,23.99,104.0,0.0,0.0,4.99,3.0,5.0,0.2,417.0,996.6666666666667,2430.5333333333333,22.0,0.0,1,0,0,0,0,0,0,1,0,0,0,0,0,0,0,1,0,0,1,8.894258825002717,8.76499033016912,2.079441541692336,-23.025850929940457,6.657754273498173,6.740519359606342,2.562076111111111,,0
